player_id,player_name,team_id,team_name,league_id,season,position,squad_rows,appearances,starts,sub_appearances,minutes,avg_rating,offsides,shots_total,shots_on,goals_total,goals_conceded,goals_assists,goals_saves,passes_total,passes_key,tackles_total,tackles_blocks,tackles_interceptions,duels_total,duels_won,dribbles_attempts,dribbles_success,dribbles_past,fouls_drawn,fouls_committed,cards_yellow,cards_red,penalty_won,penalty_commited,penalty_scored,penalty_missed,penalty_saved,goals_total_per90,goals_assists_per90,shots_total_per90,shots_on_per90,passes_key_per90,tackles_total_per90,duels_won_per90,cards_yellow_per90,cards_red_per90
702,Oliver Baumann,167,1899 Hoffenheim,78,2016,G,34,34,34,0,3060,7.035,0,0,0,0,37,0,115,960,0,0,0,0,17,16,2,2,0,8,1,1,0,0,0,0,0,0,0.0,0.0,0.0,0.0,0.0,0.0,0.471,0.029,0.0
506,Niklas Süle,167,1899 Hoffenheim,78,2016,D,33,33,33,0,2887,7.198,0,25,7,2,0,2,0,2098,8,0,0,70,223,156,14,7,8,21,16,4,0,0,0,0,0,0,0.062,0.062,0.779,0.218,0.249,0.0,4.863,0.125,0.0
416,Sebastian Rudy,167,1899 Hoffenheim,78,2016,M,32,32,32,0,2788,7.363,0,27,10,2,0,7,0,1305,65,0,0,100,389,194,39,21,42,47,51,9,0,2,0,0,0,0,0.065,0.226,0.872,0.323,2.098,0.0,6.263,0.291,0.0
12859,Sandro Wagner,167,1899 Hoffenheim,78,2016,F,31,31,31,0,2601,7.018,0,66,28,11,0,2,0,502,17,0,0,14,441,212,30,10,12,84,80,3,1,1,0,0,0,0,0.381,0.069,2.284,0.969,0.588,0.0,7.336,0.104,0.035
713,Kevin Vogt,167,1899 Hoffenheim,78,2016,D,31,31,30,1,2595,7.156,0,3,0,0,0,0,0,2011,10,0,0,44,145,86,4,2,9,26,22,6,0,0,1,0,0,0,0.0,0.0,0.104,0.0,0.347,0.0,2.983,0.208,0.0
726,Andrej Kramarić,167,1899 Hoffenheim,78,2016,F,34,34,30,4,2374,7.18,0,99,38,15,0,8,0,693,36,0,0,19,207,81,74,30,7,35,13,1,0,0,0,5,0,0,0.569,0.303,3.753,1.441,1.365,0.0,3.071,0.038,0.0
717,Kerem Demirbay,167,1899 Hoffenheim,78,2016,M,28,28,27,1,2181,7.081,0,51,18,6,0,8,0,810,60,0,0,45,387,160,124,60,27,35,53,4,0,0,0,0,0,0,0.248,0.33,2.105,0.743,2.476,0.0,6.602,0.165,0.0
708,Benjamin Hübner,167,1899 Hoffenheim,78,2016,D,25,25,25,0,2148,7.415,0,17,6,2,0,3,0,1319,7,0,0,82,288,177,7,6,16,33,56,10,0,0,0,0,0,0,0.084,0.126,0.712,0.251,0.293,0.0,7.416,0.419,0.0
2811,Steven Zuber,167,1899 Hoffenheim,78,2016,M,24,24,24,0,2027,7.085,0,36,11,4,0,4,0,847,19,0,0,59,223,117,58,27,16,37,24,2,0,0,0,0,0,0,0.178,0.178,1.598,0.488,0.844,0.0,5.195,0.089,0.0
709,Pavel Kadeřábek,167,1899 Hoffenheim,78,2016,M,23,23,23,0,1976,6.905,0,8,1,0,0,3,0,577,25,0,0,52,210,101,47,19,7,26,35,2,0,0,1,0,0,0,0.0,0.137,0.364,0.046,1.139,0.0,4.6,0.091,0.0
714,Nadiem Amiri,167,1899 Hoffenheim,78,2016,M,33,33,26,7,1940,6.802,0,48,18,2,0,4,0,707,34,0,0,36,269,108,82,30,21,47,43,2,0,0,0,0,0,0,0.093,0.186,2.227,0.835,1.577,0.0,5.01,0.093,0.0
1118,Jeremy Toljan,167,1899 Hoffenheim,78,2016,D,20,20,18,2,1313,6.75,0,13,2,1,0,1,0,392,15,0,0,30,98,42,28,6,6,14,3,1,0,0,0,0,0,0,0.069,0.069,0.891,0.137,1.028,0.0,2.879,0.069,0.0
426,Mark Uth,167,1899 Hoffenheim,78,2016,F,22,22,19,3,1152,7.065,0,39,14,7,0,3,0,284,21,0,0,16,166,75,40,20,8,26,26,4,0,0,0,0,0,0,0.547,0.234,3.047,1.094,1.641,0.0,5.859,0.312,0.0
705,Ermin Bičakčić,167,1899 Hoffenheim,78,2016,D,18,18,13,5,1052,7.085,0,9,4,1,0,0,0,647,6,0,0,31,110,69,5,2,7,15,12,4,0,1,0,0,0,0,0.086,0.0,0.77,0.342,0.513,0.0,5.903,0.342,0.0
720,Lukas Rupp,167,1899 Hoffenheim,78,2016,M,14,14,12,2,790,6.799,0,16,5,2,0,1,0,253,11,0,0,16,126,55,31,12,5,19,19,2,0,0,1,0,0,0,0.228,0.114,1.823,0.57,1.253,0.0,6.266,0.228,0.0
729,Ádám Szalai,167,1899 Hoffenheim,78,2016,F,22,22,16,6,771,7.16,0,18,12,8,0,1,0,178,16,0,0,1,132,54,28,15,4,7,19,2,0,0,0,0,0,0,0.934,0.117,2.101,1.401,1.868,0.0,6.304,0.233,0.0
90639,Eugen Polański,167,1899 Hoffenheim,78,2016,M,14,14,11,3,632,6.938,0,5,2,0,0,0,0,441,4,0,0,19,64,39,6,3,7,13,8,1,0,0,0,0,0,0,0.0,0.0,0.712,0.285,0.57,0.0,5.554,0.142,0.0
25386,Pirmin Schwegler,167,1899 Hoffenheim,78,2016,M,10,10,5,5,390,6.854,0,4,0,0,0,1,0,219,4,0,0,11,69,35,3,0,4,6,12,1,0,0,0,0,0,0,0.0,0.231,0.923,0.0,0.923,0.0,8.077,0.231,0.0
26259,Marco Terrazzino,167,1899 Hoffenheim,78,2016,M,9,9,6,3,363,6.85,0,6,3,1,0,2,0,106,9,0,0,2,56,26,11,5,4,7,5,0,0,0,0,0,0,0,0.248,0.496,1.488,0.744,2.231,0.0,6.446,0.0,0.0
2806,Fabian Schär,167,1899 Hoffenheim,78,2016,D,6,6,5,1,283,6.72,0,2,0,0,0,0,0,154,0,0,0,9,35,17,2,2,2,5,7,2,0,0,0,0,0,0,0.0,0.0,0.636,0.0,0.0,0.0,5.406,0.636,0.0
15727,Phillipp Ochs,167,1899 Hoffenheim,78,2016,M,3,3,2,1,144,6.581,0,0,0,0,0,0,0,51,1,0,0,2,16,5,1,0,2,0,5,1,0,0,0,0,0,0,0.0,0.0,0.0,0.0,0.625,0.0,3.125,0.625,0.0
35534,Eduardo Vargas,167,1899 Hoffenheim,78,2016,F,5,5,3,2,96,6.58,0,3,2,0,0,0,0,35,3,0,0,3,17,6,3,1,0,1,3,1,0,0,0,0,0,0,0.0,0.0,2.812,1.875,2.812,0.0,5.625,0.938,0.0
25126,Barış Atik,167,1899 Hoffenheim,78,2016,M,3,3,0,3,67,6.707,0,1,0,0,0,0,0,36,0,0,0,2,15,8,5,2,1,3,1,0,0,0,0,0,0,0,0.0,0.0,1.343,0.0,0.0,0.0,10.746,0.0,0.0
1438,Bernd Leno,168,Bayer Leverkusen,78,2016,G,34,34,34,0,3060,6.744,0,0,0,0,55,0,104,651,1,0,0,1,12,10,0,0,2,3,0,0,0,0,0,0,0,0,0.0,0.0,0.0,0.0,0.029,0.0,0.294,0.0,0.0
1155,Kevin Kampl,168,Bayer Leverkusen,78,2016,M,30,30,29,1,2539,6.984,0,34,8,1,0,2,0,1478,42,0,0,65,301,131,92,49,35,18,34,4,0,0,0,0,0,0,0.035,0.071,1.205,0.284,1.489,0.0,4.644,0.142,0.0
970,Wendell,168,Bayer Leverkusen,78,2016,D,32,32,28,4,2527,7.029,0,18,7,2,0,2,0,1183,28,0,0,78,334,185,41,20,36,33,45,10,1,1,1,0,0,0,0.071,0.071,0.641,0.249,0.997,0.0,6.589,0.356,0.036
98,Benjamin Henrichs,168,Bayer Leverkusen,78,2016,D,29,29,28,1,2426,6.933,0,7,1,0,0,2,0,943,18,0,0,97,312,186,51,31,33,34,28,1,0,1,1,0,0,0,0.0,0.074,0.26,0.037,0.668,0.0,6.9,0.037,0.0
984,Julian Brandt,168,Bayer Leverkusen,78,2016,M,32,32,27,5,2304,6.812,0,46,15,3,0,8,0,842,52,0,0,28,364,141,164,70,16,25,14,0,0,2,0,0,0,0,0.117,0.312,1.797,0.586,2.031,0.0,5.508,0.0,0.0
12,Ömer Toprak,168,Bayer Leverkusen,78,2016,D,25,25,25,0,2103,6.95,0,11,4,1,0,0,0,1058,2,0,0,49,211,117,3,2,12,9,31,6,0,0,0,0,1,0,0.043,0.0,0.471,0.171,0.086,0.0,5.007,0.257,0.0
974,Charles Aránguiz,168,Bayer Leverkusen,78,2016,M,26,26,24,2,1819,6.944,0,18,6,2,0,2,0,868,20,0,0,71,223,110,19,12,34,40,37,9,1,1,0,1,1,0,0.099,0.099,0.891,0.297,0.99,0.0,5.443,0.445,0.049
2886,Javier Hernández,168,Bayer Leverkusen,78,2016,F,26,26,24,2,1815,7.049,0,52,25,11,0,3,0,343,23,0,0,8,195,85,36,13,2,36,30,1,0,0,0,0,2,0,0.545,0.149,2.579,1.24,1.14,0.0,4.215,0.05,0.0
972,Jonathan Tah,168,Bayer Leverkusen,78,2016,D,19,19,17,2,1636,6.959,0,10,5,1,0,1,0,822,4,0,0,45,176,111,14,10,9,14,16,1,0,0,1,0,0,0,0.055,0.055,0.55,0.275,0.22,0.0,6.106,0.055,0.0
975,Julian Baumgartlinger,168,Bayer Leverkusen,78,2016,M,22,22,21,1,1562,6.985,0,13,1,0,0,1,0,812,14,0,0,44,178,99,14,8,26,20,18,1,0,0,0,0,0,0,0.0,0.058,0.749,0.058,0.807,0.0,5.704,0.058,0.0
989,Kevin Volland,168,Bayer Leverkusen,78,2016,F,23,23,20,3,1469,6.861,0,34,14,6,0,2,0,299,26,0,0,5,246,95,61,27,5,19,36,3,1,2,0,1,0,0,0.368,0.123,2.083,0.858,1.593,0.0,5.82,0.184,0.061
978,Kai Havertz,168,Bayer Leverkusen,78,2016,M,24,24,18,6,1449,6.894,0,30,16,4,0,5,0,541,20,0,0,19,314,149,47,25,14,19,33,2,0,0,0,0,0,0,0.248,0.311,1.863,0.994,1.242,0.0,9.255,0.124,0.0
969,Tin Jedvaj,168,Bayer Leverkusen,78,2016,D,18,18,16,2,1423,6.676,0,11,3,1,0,0,0,488,1,0,0,40,184,100,8,3,21,16,19,4,1,0,0,0,0,0,0.063,0.0,0.696,0.19,0.063,0.0,6.325,0.253,0.063
2808,Admir Mehmedi,168,Bayer Leverkusen,78,2016,M,22,22,19,3,1263,6.719,0,16,7,3,0,0,0,345,12,0,0,21,189,81,30,14,9,20,28,1,0,0,0,0,0,0,0.214,0.0,1.14,0.499,0.855,0.0,5.772,0.071,0.0
968,Aleksandar Dragović,168,Bayer Leverkusen,78,2016,D,19,19,17,2,1257,6.888,0,6,2,0,0,1,0,600,4,0,0,34,106,63,1,1,3,13,16,1,0,0,0,0,0,0,0.0,0.072,0.43,0.143,0.286,0.0,4.511,0.072,0.0
1640,Hakan Çalhanoğlu,168,Bayer Leverkusen,78,2016,F,15,15,15,0,1217,7.485,0,47,23,6,0,5,0,599,31,0,0,18,178,81,30,12,9,20,18,1,0,0,0,1,1,0,0.444,0.37,3.476,1.701,2.293,0.0,5.99,0.074,0.0
976,Karim Bellarabi,168,Bayer Leverkusen,78,2016,M,16,16,15,1,1118,6.818,0,35,15,2,0,6,0,289,18,0,0,12,185,72,66,26,12,16,27,4,0,0,0,0,0,0,0.161,0.483,2.818,1.208,1.449,0.0,5.796,0.322,0.0
90642,Stefan Kießling,168,Bayer Leverkusen,78,2016,F,20,20,13,7,748,6.963,0,23,11,4,0,1,0,158,8,0,0,2,201,91,12,2,0,20,15,0,0,0,0,1,0,0,0.481,0.12,2.767,1.324,0.963,0.0,10.949,0.0,0.0
977,Lars Bender,168,Bayer Leverkusen,78,2016,M,9,9,9,0,608,6.976,0,5,1,0,0,1,0,232,7,0,0,18,111,60,7,2,8,11,15,4,0,0,0,0,0,0,0.0,0.148,0.74,0.148,1.036,0.0,8.882,0.592,0.0
90664,Roberto Hilbert,168,Bayer Leverkusen,78,2016,D,7,7,7,0,585,6.946,0,2,1,0,0,0,0,176,10,0,0,19,82,47,6,3,12,7,8,2,0,0,0,0,0,0,0.0,0.0,0.308,0.154,1.538,0.0,7.231,0.308,0.0
986,Joel Pohjanpalo,168,Bayer Leverkusen,78,2016,F,11,11,6,5,185,7.245,0,18,8,6,0,0,0,31,4,0,0,1,26,16,2,2,0,0,4,0,0,0,0,0,0,0,2.919,0.0,8.757,3.892,1.946,0.0,7.784,0.0,0.0
15676,Vladlen Yurchenko,168,Bayer Leverkusen,78,2016,M,3,3,2,1,146,7.471,0,4,0,0,0,0,0,92,1,0,0,10,12,5,1,1,2,0,4,0,0,0,0,0,0,0,0.0,0.0,2.466,0.0,0.616,0.0,3.082,0.0,0.0
983,Leon Bailey,168,Bayer Leverkusen,78,2016,M,8,8,6,2,133,6.757,0,6,3,0,0,0,0,27,3,0,0,3,26,12,15,7,0,4,2,1,0,1,0,0,0,0,0.0,0.0,4.06,2.03,2.03,0.0,8.12,0.677,0.0
1812,Danny da Costa,168,Bayer Leverkusen,78,2016,M,3,3,2,1,109,6.594,0,0,0,0,0,1,0,56,1,0,0,2,18,10,3,2,2,1,0,0,0,0,0,0,0,0,0.0,0.826,0.0,0.0,0.826,0.0,8.257,0.0,0.0
521,Robert Lewandowski,157,Bayern Munich,78,2016,F,33,33,33,0,2777,7.42,0,143,56,30,0,5,0,533,31,0,0,12,349,154,71,33,6,56,40,5,0,1,0,5,0,0,0.972,0.162,4.634,1.815,1.005,0.0,4.991,0.162,0.0
505,David Alaba,157,Bayern Munich,78,2016,D,32,32,29,3,2508,7.225,0,32,13,4,0,4,0,1561,34,0,0,58,169,84,26,10,9,11,16,1,0,0,0,0,0,0,0.144,0.144,1.148,0.467,1.22,0.0,3.014,0.036,0.0
497,Manuel Neuer,157,Bayern Munich,78,2016,G,26,26,26,0,2340,6.85,0,0,0,0,13,0,51,558,0,0,0,1,4,3,0,0,1,2,0,0,0,0,0,0,0,0,0.0,0.0,0.0,0.0,0.0,0.0,0.115,0.0,0.0
507,Thiago Alcántara,157,Bayern Munich,78,2016,M,27,27,26,1,2291,7.959,0,36,15,6,0,5,0,2311,51,0,0,125,355,208,85,60,17,27,39,4,0,0,0,0,0,0,0.236,0.196,1.414,0.589,2.003,0.0,8.171,0.157,0.0
522,Thomas Müller,157,Bayern Munich,78,2016,M,29,29,26,3,2265,7.205,0,65,26,5,0,12,0,805,60,0,0,20,258,100,38,16,17,22,19,0,0,1,0,0,0,0,0.199,0.477,2.583,1.033,2.384,0.0,3.974,0.0,0.0
501,Mats Hummels,157,Bayern Munich,78,2016,D,27,27,25,2,2181,7.418,0,31,13,1,0,1,0,1843,10,0,0,57,227,161,4,4,10,9,15,4,0,0,0,0,0,0,0.041,0.041,1.279,0.536,0.413,0.0,6.644,0.165,0.0
514,Javi Martínez,157,Bayern Munich,78,2016,M,25,25,25,0,2135,7.34,0,11,3,1,0,1,0,1794,4,0,0,50,191,132,6,4,8,27,20,5,0,0,0,0,0,0,0.042,0.042,0.464,0.126,0.169,0.0,5.564,0.211,0.0
90656,Philipp Lahm,157,Bayern Munich,78,2016,D,26,26,25,1,2090,7.256,0,7,3,1,0,2,0,1714,40,0,0,50,152,91,18,14,14,19,10,1,0,0,0,0,0,0,0.043,0.086,0.301,0.129,1.722,0.0,3.919,0.043,0.0
90657,Xabi Alonso,157,Bayern Munich,78,2016,M,27,27,24,3,1905,7.428,0,25,6,3,0,2,0,1815,40,0,0,65,227,127,9,5,33,28,28,6,0,0,1,0,0,0,0.142,0.094,1.181,0.283,1.89,0.0,6.0,0.283,0.0
516,Arjen Robben,157,Bayern Munich,78,2016,M,26,26,23,3,1827,7.715,0,83,28,13,0,9,0,803,49,0,0,16,218,115,110,67,9,26,7,0,0,0,0,0,0,0,0.64,0.443,4.089,1.379,2.414,0.0,5.665,0.0,0.0
151,Arturo Vidal,157,Bayern Munich,78,2016,M,27,27,25,2,1824,7.524,0,39,10,4,0,2,0,1659,25,0,0,51,287,165,20,10,26,21,51,8,0,0,0,0,0,0,0.197,0.099,1.924,0.493,1.234,0.0,8.141,0.395,0.0
502,Joshua Kimmich,157,Bayern Munich,78,2016,D,27,27,21,6,1541,7.43,0,31,12,6,0,1,0,1249,30,0,0,26,173,103,12,5,10,38,17,1,0,0,1,0,0,0,0.35,0.058,1.811,0.701,1.752,0.0,6.016,0.058,0.0
865,Douglas Costa,157,Bayern Munich,78,2016,M,23,23,20,3,1372,7.169,0,43,14,4,0,3,0,556,35,0,0,9,174,83,96,58,3,15,19,2,0,1,0,0,0,0,0.262,0.197,2.821,0.918,2.296,0.0,5.445,0.131,0.0
515,Franck Ribéry,157,Bayern Munich,78,2016,M,22,22,19,3,1241,7.436,0,21,10,5,0,11,0,753,49,0,0,12,189,92,75,38,9,36,14,2,0,0,0,0,0,0,0.363,0.798,1.523,0.725,3.554,0.0,6.672,0.145,0.0
258,Juan Bernat,157,Bayern Munich,78,2016,D,18,18,16,2,1235,6.938,0,11,6,2,0,2,0,712,15,0,0,28,165,82,58,30,10,18,18,1,0,0,1,0,0,0,0.146,0.146,0.802,0.437,1.093,0.0,5.976,0.073,0.0
500,Rafinha,157,Bayern Munich,78,2016,D,20,20,15,5,1021,7.387,0,6,3,1,0,1,0,828,14,0,0,33,103,68,19,14,7,21,10,2,0,1,0,0,0,0,0.088,0.088,0.529,0.264,1.234,0.0,5.994,0.176,0.0
508,Kingsley Coman,157,Bayern Munich,78,2016,M,19,19,13,6,914,6.982,0,22,9,2,0,1,0,343,22,0,0,8,133,67,55,29,4,18,11,1,0,0,0,0,0,0,0.197,0.098,2.166,0.886,2.166,0.0,6.597,0.098,0.0
499,Jérôme Boateng,157,Bayern Munich,78,2016,D,13,13,11,2,828,7.067,0,4,0,0,0,1,0,587,6,0,0,13,54,30,3,0,4,1,9,1,0,0,0,0,0,0,0.0,0.109,0.435,0.0,0.652,0.0,3.261,0.109,0.0
513,Renato Sanches,157,Bayern Munich,78,2016,M,17,17,13,4,617,6.775,0,12,3,0,0,0,0,417,4,0,0,11,101,47,29,19,5,13,17,3,0,0,0,0,0,0,0.0,0.0,1.75,0.438,0.583,0.0,6.856,0.438,0.0
498,Sven Ulreich,157,Bayern Munich,78,2016,G,5,5,5,0,450,6.62,0,0,0,0,4,0,11,113,0,0,0,0,1,0,0,0,1,0,0,0,0,0,0,0,0,0,0.0,0.0,0.0,0.0,0.0,0.0,0.0,0.0,0.0
90643,Tom Starke,157,Bayern Munich,78,2016,G,3,3,3,0,270,7.333,0,0,0,0,5,0,12,63,0,0,0,0,1,1,1,1,0,0,0,0,0,0,0,0,0,1,0.0,0.0,0.0,0.0,0.0,0.0,0.333,0.0,0.0
26296,Holger Badstuber,157,Bayern Munich,78,2016,D,1,1,1,0,28,6.6,0,0,0,0,0,0,0,27,0,0,0,0,0,0,0,0,0,0,0,0,0,0,0,0,0,0,0.0,0.0,0.0,0.0,0.0,0.0,0.0,0.0,0.0
1465,Pierre-Emerick Aubameyang,165,Borussia Dortmund,78,2016,F,32,32,32,0,2781,7.297,0,116,65,31,0,2,0,361,26,0,0,11,251,98,52,20,5,21,23,3,0,0,0,2,2,0,1.003,0.065,3.754,2.104,0.841,0.0,3.172,0.097,0.0
2915,Matthias Ginter,165,Borussia Dortmund,78,2016,D,29,29,27,2,2475,6.912,0,20,2,0,0,1,0,1872,8,0,0,44,257,166,10,8,9,27,21,4,0,0,1,0,0,0,0.0,0.036,0.727,0.073,0.291,0.0,6.036,0.145,0.0
1,Roman Bürki,165,Borussia Dortmund,78,2016,G,27,27,27,0,2430,6.881,0,0,0,0,29,0,71,673,0,0,0,0,16,14,2,2,0,6,1,2,0,0,0,0,0,0,0.0,0.0,0.0,0.0,0.0,0.0,0.519,0.074,0.0
19,Julian Weigl,165,Borussia Dortmund,78,2016,M,30,30,27,3,2416,7.132,0,7,2,0,0,0,0,1815,7,0,0,70,321,201,32,26,31,62,32,2,0,0,0,0,0,0,0.0,0.0,0.261,0.075,0.261,0.0,7.488,0.075,0.0
1450,Sokratis,165,Borussia Dortmund,78,2016,D,26,26,26,0,2300,7.243,0,20,2,2,0,0,0,1691,7,0,0,39,316,214,17,11,12,56,43,7,0,0,0,0,0,0,0.078,0.0,0.783,0.078,0.274,0.0,8.374,0.274,0.0
11,Marcel Schmelzer,165,Borussia Dortmund,78,2016,D,26,26,26,0,2194,6.95,0,27,6,0,0,1,0,1219,21,0,0,67,265,143,18,7,24,50,34,3,0,0,0,0,0,0,0.0,0.041,1.108,0.246,0.861,0.0,5.866,0.123,0.0
153,Ousmane Dembélé,165,Borussia Dortmund,78,2016,F,32,32,29,3,2040,7.445,0,55,19,6,0,12,0,510,69,0,0,24,381,199,184,103,6,61,27,7,0,0,0,0,0,0,0.265,0.529,2.426,0.838,3.044,0.0,8.779,0.309,0.0
10,Łukasz Piszczek,165,Borussia Dortmund,78,2016,D,25,25,23,2,2036,7.077,0,19,6,5,0,1,0,1011,18,0,0,38,208,113,21,11,15,12,17,1,0,0,0,0,0,0,0.221,0.044,0.84,0.265,0.796,0.0,4.995,0.044,0.0
26306,Gonzalo Castro,165,Borussia Dortmund,78,2016,M,28,28,24,4,1925,7.142,0,30,7,3,0,6,0,1174,42,0,0,25,189,90,42,16,11,23,21,5,0,0,0,0,0,0,0.14,0.281,1.403,0.327,1.964,0.0,4.208,0.234,0.0
1561,Marc Bartra,165,Borussia Dortmund,78,2016,D,19,19,19,0,1560,7.09,0,20,5,0,0,3,0,1161,9,0,0,64,246,135,18,12,26,18,33,5,0,0,0,0,0,0,0.0,0.173,1.154,0.288,0.519,0.0,7.788,0.288,0.0
17,Christian Pulišić,165,Borussia Dortmund,78,2016,M,29,29,21,8,1515,6.892,0,32,14,3,0,6,0,386,25,0,0,17,281,133,102,55,5,33,22,1,0,2,0,0,0,0,0.178,0.356,1.901,0.832,1.485,0.0,7.901,0.059,0.0
8,Raphaël Guerreiro,165,Borussia Dortmund,78,2016,D,24,24,20,4,1482,7.213,0,33,16,6,0,3,0,774,28,0,0,33,156,74,48,26,8,12,16,0,0,0,0,0,0,0,0.364,0.182,2.004,0.972,1.7,0.0,4.494,0.0,0.0
1991,Shinji Kagawa,165,Borussia Dortmund,78,2016,M,21,21,16,5,1258,7.168,0,20,7,1,0,6,0,581,36,0,0,11,128,65,28,18,8,25,16,3,0,0,0,0,0,0,0.072,0.429,1.431,0.501,2.576,0.0,4.65,0.215,0.0
25,Marco Reus,165,Borussia Dortmund,78,2016,M,17,17,17,0,1189,7.26,0,43,17,7,0,4,0,315,25,0,0,10,148,70,47,23,4,28,26,3,1,1,0,2,0,0,0.53,0.303,3.255,1.287,1.892,0.0,5.299,0.227,0.076
19040,Erik Durm,165,Borussia Dortmund,78,2016,M,13,13,12,1,975,6.914,0,9,2,0,0,2,0,332,16,0,0,18,104,55,10,7,11,14,9,1,0,0,0,0,0,0,0.0,0.185,0.831,0.185,1.477,0.0,5.077,0.092,0.0
16,Mario Götze,165,Borussia Dortmund,78,2016,M,11,11,11,0,763,6.711,0,6,4,1,0,1,0,321,15,0,0,11,96,37,19,10,15,17,16,1,0,0,0,0,0,0,0.118,0.118,0.708,0.472,1.769,0.0,4.364,0.118,0.0
19031,André Schürrle,165,Borussia Dortmund,78,2016,M,15,15,11,4,745,7.322,0,36,13,2,0,2,0,179,17,0,0,11,112,56,31,17,1,18,9,3,0,2,0,1,0,0,0.242,0.242,4.349,1.57,2.054,0.0,6.765,0.362,0.0
90640,Roman Weidenfeller,165,Borussia Dortmund,78,2016,G,7,7,7,0,630,6.371,0,0,0,0,11,0,16,128,0,0,0,0,3,0,0,0,2,0,0,0,0,0,0,0,0,0,0.0,0.0,0.0,0.0,0.0,0.0,0.0,0.0,0.0
1822,Sebastian Rode,165,Borussia Dortmund,78,2016,M,14,14,10,4,575,6.786,0,5,2,1,0,0,0,396,8,0,0,21,73,29,7,1,7,8,9,0,0,0,0,0,0,0,0.157,0.0,0.783,0.313,1.252,0.0,4.539,0.0,0.0
19068,Felix Passlack,165,Borussia Dortmund,78,2016,D,10,10,8,2,534,6.683,0,3,1,0,0,0,0,337,4,0,0,5,59,28,7,3,7,7,5,1,0,0,0,0,0,0,0.0,0.0,0.506,0.169,0.674,0.0,4.719,0.169,0.0
47446,Emre Mor,165,Borussia Dortmund,78,2016,F,12,12,10,2,476,6.986,0,10,4,1,0,2,0,102,9,0,0,5,116,58,53,28,9,18,9,0,1,0,0,0,0,0,0.189,0.378,1.891,0.756,1.702,0.0,10.966,0.0,0.189
46695,Adrian Ramos,165,Borussia Dortmund,78,2016,F,7,7,7,0,355,7.267,0,12,7,2,0,1,0,53,6,0,0,3,78,30,3,1,1,8,11,2,0,0,0,0,0,0,0.507,0.254,3.042,1.775,1.521,0.0,7.606,0.507,0.0
47311,Mikel Merino,165,Borussia Dortmund,78,2016,M,8,8,6,2,293,7.021,0,5,1,0,0,0,0,293,3,0,0,13,68,38,8,2,1,7,5,1,0,0,0,0,0,0,0.0,0.0,1.536,0.307,0.922,0.0,11.672,0.307,0.0
966,Sven Bender,165,Borussia Dortmund,78,2016,D,6,6,3,3,272,7.0,0,2,1,0,0,1,0,239,1,0,0,7,22,12,1,1,2,2,3,0,0,0,0,0,0,0,0.0,0.331,0.662,0.331,0.331,0.0,3.971,0.0,0.0
25325,Nuri Şahin,165,Borussia Dortmund,78,2016,M,5,5,4,1,232,7.019,0,1,0,0,0,0,0,176,3,0,0,10,23,10,1,1,4,3,3,1,0,0,0,0,0,0,0.0,0.0,0.388,0.0,1.164,0.0,3.879,0.388,0.0
25129,Dženis Burnić,165,Borussia Dortmund,78,2016,M,1,1,1,0,90,6.8,0,0,0,0,0,0,0,61,1,0,0,2,5,3,1,1,0,0,1,1,0,0,0,0,0,0,0.0,0.0,0.0,0.0,1.0,0.0,3.0,1.0,0.0
34423,Ju Ho Park,165,Borussia Dortmund,78,2016,D,2,2,1,1,64,6.559,0,0,0,0,0,0,0,28,2,0,0,0,8,6,1,0,0,3,1,0,0,0,0,0,0,0,0.0,0.0,0.0,0.0,2.812,0.0,8.438,0.0,0.0
2802,Yann Sommer,163,Borussia Monchengladbach,78,2016,G,34,34,34,0,3060,6.779,0,0,0,0,49,0,104,883,0,0,0,2,15,11,0,0,3,3,1,1,0,0,0,0,0,0,0.0,0.0,0.0,0.0,0.0,0.0,0.324,0.029,0.0
2282,Andreas Christensen,163,Borussia Monchengladbach,78,2016,D,31,31,31,0,2782,7.13,0,13,3,2,0,0,0,1782,6,0,0,70,224,154,8,5,10,22,19,1,0,0,0,0,0,0,0.065,0.0,0.421,0.097,0.194,0.0,4.982,0.032,0.0
18943,Jannik Vestergaard,163,Borussia Monchengladbach,78,2016,D,34,34,31,3,2656,7.268,0,35,12,4,0,1,0,1657,5,0,0,54,342,229,11,10,30,22,22,1,0,0,0,0,0,0,0.136,0.034,1.186,0.407,0.169,0.0,7.76,0.034,0.0
25639,Lars Stindl,163,Borussia Monchengladbach,78,2016,F,30,30,30,0,2594,7.048,0,68,34,11,0,3,0,1109,39,0,0,27,364,155,42,17,24,53,55,8,0,3,0,0,1,0,0.382,0.104,2.359,1.18,1.353,0.0,5.378,0.278,0.0
25633,Oscar Wendt,163,Borussia Monchengladbach,78,2016,D,28,28,28,0,2462,6.883,0,26,8,2,0,2,0,854,26,0,0,64,193,84,25,4,22,15,30,3,0,0,1,0,0,0,0.073,0.073,0.95,0.292,0.95,0.0,3.071,0.11,0.0
14,Mahmoud Dahoud,163,Borussia Monchengladbach,78,2016,M,28,28,27,1,2281,7.131,0,44,13,2,0,6,0,1270,29,0,0,48,324,160,69,38,39,34,44,3,0,0,1,0,0,0,0.079,0.237,1.736,0.513,1.144,0.0,6.313,0.118,0.0
2803,Nico Elvedi,163,Borussia Monchengladbach,78,2016,D,25,25,25,0,2111,6.854,0,6,1,0,0,0,0,1167,10,0,0,73,262,160,39,21,18,26,19,4,0,0,0,0,0,0,0.0,0.0,0.256,0.043,0.426,0.0,6.821,0.171,0.0
25637,Christoph Kramer,163,Borussia Monchengladbach,78,2016,M,24,24,23,1,1963,6.985,0,2,0,0,0,4,0,1311,11,0,0,60,327,170,28,16,51,28,40,7,1,0,1,0,0,0,0.0,0.183,0.092,0.0,0.504,0.0,7.794,0.321,0.046
2929,Thorgan Hazard,163,Borussia Monchengladbach,78,2016,M,23,23,19,4,1631,6.921,0,42,19,6,0,4,0,550,32,0,0,22,295,113,86,38,21,29,29,3,0,0,0,0,1,0,0.331,0.221,2.318,1.048,1.766,0.0,6.235,0.166,0.0
25298,André Hahn,163,Borussia Monchengladbach,78,2016,F,30,30,25,5,1598,6.702,0,34,13,3,0,1,0,241,13,0,0,27,316,145,32,9,17,37,44,3,0,0,0,0,1,0,0.169,0.056,1.915,0.732,0.732,0.0,8.166,0.169,0.0
25640,Tobias Strobl,163,Borussia Monchengladbach,78,2016,M,23,23,21,2,1565,6.949,0,9,1,0,0,2,0,832,9,0,0,46,172,88,7,5,19,13,33,8,1,0,0,0,0,0,0.0,0.115,0.518,0.058,0.518,0.0,5.061,0.46,0.058
25642,Raffael,163,Borussia Monchengladbach,78,2016,F,20,20,20,0,1501,7.157,0,46,16,7,0,0,0,472,45,0,0,8,228,104,97,49,13,35,8,1,0,0,0,1,0,0,0.42,0.0,2.758,0.959,2.698,0.0,6.236,0.06,0.0
25630,Tony Jantschke,163,Borussia Monchengladbach,78,2016,D,22,22,20,2,1486,6.937,0,2,1,0,0,0,0,699,3,0,0,40,181,116,4,2,16,32,19,3,0,0,0,0,0,0,0.0,0.0,0.121,0.061,0.182,0.0,7.026,0.182,0.0
25635,Jonas Hofmann,163,Borussia Monchengladbach,78,2016,M,21,21,17,4,1384,6.724,0,25,5,0,0,1,0,376,16,0,0,25,139,64,61,26,10,16,9,0,0,0,0,0,0,0,0.0,0.065,1.626,0.325,1.04,0.0,4.162,0.0,0.0
25636,Fabian Johnson,163,Borussia Monchengladbach,78,2016,M,21,21,17,4,1249,7.045,0,23,8,3,0,2,0,293,19,0,0,18,118,70,11,3,4,22,9,1,0,0,0,0,0,0,0.216,0.144,1.657,0.576,1.369,0.0,5.044,0.072,0.0
25647,Ibrahima Traoré,163,Borussia Monchengladbach,78,2016,M,14,14,11,3,841,7.101,0,9,2,1,0,3,0,327,25,0,0,9,115,68,44,24,9,18,6,0,0,1,1,0,0,0,0.107,0.321,0.963,0.214,2.675,0.0,7.277,0.0,0.0
25370,Julian Korb,163,Borussia Monchengladbach,78,2016,M,12,12,10,2,754,6.943,0,2,0,0,0,0,0,352,7,0,0,15,74,45,5,2,7,8,8,0,0,0,0,0,0,0,0.0,0.0,0.239,0.0,0.836,0.0,5.371,0.0,0.0
25644,Patrick Herrmann,163,Borussia Monchengladbach,78,2016,M,18,18,14,4,698,6.625,0,8,4,1,0,1,0,127,13,0,0,16,78,36,19,7,4,14,7,1,0,0,0,0,0,0,0.129,0.129,1.032,0.516,1.676,0.0,4.642,0.129,0.0
721,Nico Schulz,163,Borussia Monchengladbach,78,2016,M,12,12,7,5,409,6.94,0,4,2,1,0,2,0,164,3,0,0,14,50,22,16,8,8,6,4,1,0,0,0,0,0,0,0.22,0.44,0.88,0.44,0.66,0.0,4.841,0.22,0.0
24962,László Bénes,163,Borussia Monchengladbach,78,2016,M,8,8,5,3,286,7.237,0,3,1,1,0,0,0,201,6,0,0,9,26,17,3,1,1,7,5,0,0,0,0,0,0,0,0.315,0.0,0.944,0.315,1.888,0.0,5.35,0.0,0.0
25643,Josip Drmić,163,Borussia Monchengladbach,78,2016,F,12,12,7,5,274,6.447,0,10,3,0,0,0,0,62,3,0,0,3,70,23,7,0,3,1,6,0,0,0,0,0,0,0,0.0,0.0,3.285,0.985,0.985,0.0,7.555,0.0,0.0
37083,Ba-Muaka Simakala,163,Borussia Monchengladbach,78,2016,F,1,1,1,0,10,6.5,0,0,0,0,0,0,0,3,0,0,0,0,0,0,0,0,0,0,0,0,0,0,0,0,0,0,0.0,0.0,0.0,0.0,0.0,0.0,0.0,0.0,0.0
22086,Timothée Kolodziejczak,163,Borussia Monchengladbach,78,2016,D,1,1,0,1,8,6.3,0,0,0,0,0,0,0,1,0,0,0,0,1,0,0,0,0,0,0,0,0,0,0,0,0,0,0.0,0.0,0.0,0.0,0.0,0.0,0.0,0.0,0.0
957,Djibril Sow,163,Borussia Monchengladbach,78,2016,M,1,1,1,0,1,,0,0,0,0,0,0,0,0,0,0,0,0,0,0,0,0,0,0,0,0,0,0,0,0,0,0,0.0,0.0,0.0,0.0,0.0,0.0,0.0,0.0,0.0
404,Bastian Oczipka,169,Eintracht Frankfurt,78,2016,M,33,33,33,0,2952,6.87,0,11,2,1,0,4,0,1149,40,0,0,85,359,177,87,37,13,49,25,5,0,0,0,0,0,0,0.03,0.122,0.335,0.061,1.22,0.0,5.396,0.152,0.0
963,Lukáš Hrádecký,169,Eintracht Frankfurt,78,2016,G,33,33,33,0,2883,6.759,0,0,0,0,43,0,74,680,1,0,0,0,15,14,0,0,1,4,1,2,1,0,0,0,0,0,0.0,0.0,0.0,0.0,0.031,0.0,0.437,0.062,0.031
1803,Timothy Chandler,169,Eintracht Frankfurt,78,2016,M,32,32,31,1,2817,6.851,0,18,4,0,0,3,0,795,35,0,0,74,305,162,36,19,15,29,42,7,1,0,1,0,0,0,0.0,0.096,0.575,0.128,1.118,0.0,5.176,0.224,0.032
1802,David Abraham,169,Eintracht Frankfurt,78,2016,D,30,30,30,0,2585,7.182,0,17,4,1,0,2,0,1245,10,0,0,84,252,158,8,6,14,29,29,5,1,0,0,0,0,0,0.035,0.07,0.592,0.139,0.348,0.0,5.501,0.174,0.035
414,Omar Mascarell,169,Eintracht Frankfurt,78,2016,M,28,28,27,1,2450,7.074,0,12,4,0,0,0,0,1188,14,0,0,105,308,162,24,17,22,16,47,13,0,0,0,0,0,0,0.0,0.0,0.441,0.147,0.514,0.0,5.951,0.478,0.0
1818,Mijat Gaćinović,169,Eintracht Frankfurt,78,2016,M,28,28,27,1,2231,6.854,0,29,8,2,0,0,0,536,14,0,0,75,354,175,65,29,35,70,45,9,0,1,0,0,0,0,0.081,0.0,1.17,0.323,0.565,0.0,7.06,0.363,0.0
741,Jesús Vallejo,169,Eintracht Frankfurt,78,2016,D,25,25,23,2,2055,6.959,0,5,1,1,0,0,0,1068,3,0,0,70,199,102,7,5,13,9,18,4,0,1,0,0,0,0,0.044,0.0,0.219,0.044,0.131,0.0,4.467,0.175,0.0
50741,Marco Fabián,169,Eintracht Frankfurt,78,2016,M,24,24,24,0,2055,7.152,0,64,21,7,0,4,0,578,36,0,0,50,345,142,56,23,23,63,50,10,0,0,0,1,1,0,0.307,0.175,2.803,0.92,1.577,0.0,6.219,0.438,0.0
1819,Makoto Hasebe,169,Eintracht Frankfurt,78,2016,D,22,22,21,1,1887,7.114,0,8,3,1,0,1,0,901,15,0,0,61,168,99,12,9,14,23,18,2,0,1,0,1,1,0,0.048,0.048,0.382,0.143,0.715,0.0,4.722,0.095,0.0
1827,Branimir Hrgota,169,Eintracht Frankfurt,78,2016,F,28,28,24,4,1749,6.785,0,38,15,5,0,1,0,340,16,0,0,9,275,100,52,21,13,44,42,2,0,1,0,0,0,0,0.257,0.051,1.955,0.772,0.823,0.0,5.146,0.103,0.0
1831,Ante Rebić,169,Eintracht Frankfurt,78,2016,F,24,24,21,3,1405,6.736,0,44,14,2,0,2,0,215,29,0,0,31,361,120,87,39,14,29,56,10,0,1,0,0,0,0,0.128,0.128,2.819,0.897,1.858,0.0,7.687,0.641,0.0
24947,Alexander Meier,169,Eintracht Frankfurt,78,2016,F,21,21,18,3,1396,6.912,0,43,19,5,0,2,0,211,11,0,0,7,172,84,15,8,4,8,11,1,0,0,0,0,2,0,0.322,0.129,2.772,1.225,0.709,0.0,5.415,0.064,0.0
19373,Michael Hector,169,Eintracht Frankfurt,78,2016,D,22,22,17,5,1355,6.736,0,7,3,1,0,0,0,551,0,0,0,44,155,89,8,5,10,11,19,4,1,0,2,0,0,0,0.066,0.0,0.465,0.199,0.0,0.0,5.911,0.266,0.066
582,Haris Seferović,169,Eintracht Frankfurt,78,2016,F,25,25,18,7,1060,6.62,0,31,10,3,0,0,0,188,11,0,0,4,153,59,25,9,6,17,29,1,1,0,1,0,0,0,0.255,0.0,2.632,0.849,0.934,0.0,5.009,0.085,0.085
2343,Szabolcs Huszti,169,Eintracht Frankfurt,78,2016,M,15,15,14,1,1045,6.887,0,11,5,2,0,2,0,464,16,0,0,28,146,61,12,4,10,19,32,5,1,0,0,0,0,0,0.172,0.172,0.947,0.431,1.378,0.0,5.254,0.431,0.086
1810,Taleb Tawatha,169,Eintracht Frankfurt,78,2016,D,14,14,11,3,694,6.46,0,2,0,0,0,0,0,129,10,0,0,22,81,28,20,3,8,11,12,0,0,0,0,0,0,0,0.0,0.0,0.259,0.0,1.297,0.0,3.631,0.0,0.0
25455,Aymen Barkok,169,Eintracht Frankfurt,78,2016,M,18,18,13,5,651,6.937,0,8,2,2,0,2,0,165,9,0,0,19,142,65,36,25,7,4,27,1,0,0,0,0,0,0,0.276,0.276,1.106,0.276,1.244,0.0,8.986,0.138,0.0
47000,Danny Blum,169,Eintracht Frankfurt,78,2016,M,14,14,8,6,452,6.775,0,22,8,1,0,1,0,107,6,0,0,14,84,33,21,12,5,7,11,0,0,0,0,0,0,0,0.199,0.199,4.381,1.593,1.195,0.0,6.571,0.0,0.0
1290,Guillermo Varela,169,Eintracht Frankfurt,78,2016,D,7,7,7,0,430,6.817,0,0,0,0,0,0,0,110,2,0,0,20,51,26,9,6,5,6,4,1,0,0,0,0,0,0,0.0,0.0,0.0,0.0,0.419,0.0,5.442,0.209,0.0
48593,Shani Tarashaj,169,Eintracht Frankfurt,78,2016,F,13,13,7,6,324,6.571,0,6,1,1,0,0,0,89,1,0,0,3,52,14,17,8,2,4,6,1,0,0,0,0,0,0,0.278,0.0,1.667,0.278,0.278,0.0,3.889,0.278,0.0
1808,Marco Russ,169,Eintracht Frankfurt,78,2016,D,4,4,4,0,242,6.763,0,4,0,0,0,0,0,70,0,0,0,3,18,10,0,0,0,4,3,1,0,0,0,0,0,0,0.0,0.0,1.488,0.0,0.0,0.0,3.719,0.372,0.0
16466,Anderson Ordóñez,169,Eintracht Frankfurt,78,2016,D,4,4,4,0,184,6.84,0,0,0,0,0,0,0,137,0,0,0,10,17,12,2,1,1,1,1,0,0,0,0,0,0,0,0.0,0.0,0.0,0.0,0.0,0.0,5.87,0.0,0.0
48564,Heinz Lindner,169,Eintracht Frankfurt,78,2016,G,2,2,2,0,174,6.569,0,0,0,0,3,0,7,28,0,0,0,0,1,1,0,0,0,1,0,0,0,0,0,0,0,0,0.0,0.0,0.0,0.0,0.0,0.0,0.517,0.0,0.0
26,Marius Wolf,169,Eintracht Frankfurt,78,2016,M,3,3,2,1,168,6.531,0,1,0,0,0,0,0,40,2,0,0,2,25,11,3,0,1,2,5,1,0,0,0,0,0,0,0.0,0.0,0.536,0.0,1.071,0.0,5.893,0.536,0.0
1823,Marc Stendera,169,Eintracht Frankfurt,78,2016,M,2,2,2,0,131,6.921,0,0,0,0,0,0,0,14,0,0,0,7,33,17,3,0,5,3,2,0,0,0,0,0,0,0,0.0,0.0,0.0,0.0,0.0,0.0,11.679,0.0,0.0
8960,Max Besuschkow,169,Eintracht Frankfurt,78,2016,M,3,3,2,1,86,6.8,0,1,0,0,0,0,0,13,2,0,0,1,10,5,0,0,2,2,3,1,0,0,0,0,0,0,0.0,0.0,1.047,0.0,2.093,0.0,5.233,1.047,0.0
2,Marwin Hitz,170,FC Augsburg,78,2016,G,32,32,32,0,2880,6.691,0,1,0,0,50,0,110,606,0,0,0,0,21,16,2,1,1,4,2,4,0,0,0,0,0,1,0.0,0.0,0.031,0.0,0.0,0.0,0.5,0.125,0.0
1805,Martin Hinteregger,170,FC Augsburg,78,2016,D,31,31,31,0,2773,7.038,0,26,10,3,0,0,0,915,3,0,0,90,229,146,9,4,10,17,19,5,0,0,2,0,0,0,0.097,0.0,0.844,0.325,0.097,0.0,4.739,0.162,0.0
90636,Paul Verhaegh,170,FC Augsburg,78,2016,D,31,31,31,0,2765,7.018,0,10,5,3,0,2,0,915,12,0,0,79,191,113,17,9,5,24,21,4,0,0,0,3,1,0,0.098,0.065,0.325,0.163,0.391,0.0,3.678,0.13,0.0
25296,Daniel Baier,170,FC Augsburg,78,2016,M,27,27,27,0,2395,7.096,0,24,7,1,0,3,0,997,34,0,0,104,292,153,25,7,37,55,38,5,0,0,0,0,0,0,0.038,0.113,0.902,0.263,1.278,0.0,5.749,0.188,0.0
2911,Dong-Won Ji,170,FC Augsburg,78,2016,M,34,34,28,6,2292,6.823,0,45,12,3,0,2,0,553,27,0,0,22,463,215,80,30,18,42,53,4,0,1,0,0,0,0,0.118,0.079,1.767,0.471,1.06,0.0,8.442,0.157,0.0
25294,Konstantinos Stafylidis,170,FC Augsburg,78,2016,D,27,27,26,1,2244,7.242,0,45,12,4,0,0,0,597,16,0,0,88,214,130,15,8,15,27,24,6,0,0,0,0,0,0,0.16,0.0,1.805,0.481,0.642,0.0,5.214,0.241,0.0
979,Dominik Kohr,170,FC Augsburg,78,2016,M,26,26,23,3,1964,7.034,0,29,8,2,0,0,0,560,12,0,0,69,356,180,20,9,37,44,70,14,1,1,0,0,0,0,0.092,0.0,1.329,0.367,0.55,0.0,8.248,0.642,0.046
25292,Philipp Max,170,FC Augsburg,78,2016,D,25,25,23,2,1817,6.794,0,17,6,1,0,2,0,451,27,0,0,42,165,73,21,5,15,13,22,4,0,0,0,0,0,0,0.05,0.099,0.842,0.297,1.337,0.0,3.616,0.198,0.0
25301,Ja-Cheol Koo,170,FC Augsburg,78,2016,M,23,23,23,0,1813,6.605,0,30,10,2,0,3,0,470,18,0,0,30,357,151,44,16,19,49,47,8,1,0,0,0,0,0,0.099,0.149,1.489,0.496,0.894,0.0,7.496,0.397,0.05
25303,Jonathan Schmid,170,FC Augsburg,78,2016,M,25,25,23,2,1699,6.67,0,24,12,1,0,3,0,259,21,0,0,25,171,83,32,8,14,21,11,1,0,0,0,0,0,0,0.053,0.159,1.271,0.636,1.112,0.0,4.397,0.053,0.0
90655,Halil Altintop,170,FC Augsburg,78,2016,M,31,31,24,7,1600,6.571,0,16,10,6,0,2,0,348,15,0,0,19,235,94,36,10,18,32,15,1,0,0,0,0,0,0,0.338,0.113,0.9,0.562,0.844,0.0,5.287,0.056,0.0
25290,Jeffrey Gouweleeuw,170,FC Augsburg,78,2016,D,18,18,18,0,1550,7.097,0,7,3,2,0,1,0,479,6,0,0,54,150,76,7,5,13,6,29,4,0,0,1,0,0,0,0.116,0.058,0.406,0.174,0.348,0.0,4.413,0.232,0.0
2797,Alfreð Finnbogason,170,FC Augsburg,78,2016,F,13,13,13,0,1128,6.669,0,22,11,3,0,1,0,187,14,0,0,13,148,51,24,7,5,14,27,1,1,0,0,0,0,0,0.239,0.08,1.755,0.878,1.117,0.0,4.069,0.08,0.08
81745,Gojko Kačar,170,FC Augsburg,78,2016,M,22,22,17,5,1098,6.89,0,7,2,0,0,1,0,321,7,0,0,41,173,100,9,5,15,18,17,1,0,0,0,0,0,0,0.0,0.082,0.574,0.164,0.574,0.0,8.197,0.082,0.0
25291,Christoph Janker,170,FC Augsburg,78,2016,D,15,15,14,1,1087,6.766,0,1,0,0,0,0,0,393,1,0,0,15,95,48,0,0,5,3,11,4,0,0,0,0,0,0,0.0,0.0,0.083,0.0,0.083,0.0,3.974,0.331,0.0
6727,Raúl Bobadilla,170,FC Augsburg,78,2016,F,18,18,15,3,1045,6.801,0,35,14,4,0,1,0,217,16,0,0,9,198,75,58,26,2,27,15,1,0,1,0,0,0,0,0.344,0.086,3.014,1.206,1.378,0.0,6.459,0.086,0.0
25302,Jan Moravek,170,FC Augsburg,78,2016,M,13,13,10,3,698,6.626,0,3,1,0,0,0,0,200,11,0,0,15,123,51,6,2,20,4,28,2,0,0,0,0,0,0,0.0,0.0,0.387,0.129,1.418,0.0,6.576,0.258,0.0
25304,Georg Teigl,170,FC Augsburg,78,2016,D,18,18,11,7,659,6.756,0,7,1,0,0,1,0,128,5,0,0,19,65,31,17,5,2,11,5,1,0,0,0,0,0,0,0.0,0.137,0.956,0.137,0.683,0.0,4.234,0.137,0.0
25287,Kevin Danso,170,FC Augsburg,78,2016,D,7,7,7,0,613,6.506,0,3,0,0,0,0,0,162,2,0,0,20,78,43,4,3,9,7,11,0,0,1,0,0,0,0,0.0,0.0,0.44,0.0,0.294,0.0,6.313,0.0,0.0
2605,Takashi Usami,170,FC Augsburg,78,2016,M,11,11,9,2,438,6.422,0,2,0,0,0,0,0,74,4,0,0,17,69,26,19,8,5,4,7,0,0,0,0,0,0,0,0.0,0.0,0.411,0.0,0.822,0.0,5.342,0.0,0.0
48579,Caiuby,170,FC Augsburg,78,2016,M,5,5,4,1,245,6.747,0,7,1,0,0,0,0,55,2,0,0,2,76,42,8,4,0,4,12,1,0,0,0,0,0,0,0.0,0.0,2.571,0.367,0.735,0.0,15.429,0.367,0.0
19075,Moritz Leitner,170,FC Augsburg,78,2016,M,6,6,4,2,235,6.659,0,5,0,0,0,0,0,45,2,0,0,7,30,13,0,0,6,8,6,0,0,0,0,0,0,0,0.0,0.0,1.915,0.0,0.766,0.0,4.979,0.0,0.0
25041,Tim Rieder,170,FC Augsburg,78,2016,D,5,5,3,2,213,6.713,0,1,0,0,0,0,0,61,0,0,0,5,25,15,0,0,1,1,3,0,0,0,0,0,0,0,0.0,0.0,0.423,0.0,0.0,0.0,6.338,0.0,0.0
25284,Andreas Luthe,170,FC Augsburg,78,2016,G,2,2,2,0,180,7.75,0,0,0,0,1,0,12,21,2,0,0,0,0,0,0,0,0,0,0,0,0,0,0,0,0,0,0.0,0.0,0.0,0.0,1.0,0.0,0.0,0.0,0.0
25288,Raphael Framberger,170,FC Augsburg,78,2016,D,3,3,3,0,143,7.38,0,0,0,0,0,1,0,36,2,0,0,6,14,9,2,1,1,2,2,0,0,0,0,0,0,0,0.0,0.629,0.0,0.0,1.259,0.0,5.664,0.0,0.0
26167,Julian Günther-Schmidt,170,FC Augsburg,78,2016,F,4,4,3,1,42,6.608,0,3,1,0,0,0,0,11,0,0,0,1,19,7,4,1,1,2,0,0,0,0,0,0,0,0,0.0,0.0,6.429,2.143,0.0,0.0,15.0,0.0,0.0
90673,Markus Feulner,170,FC Augsburg,78,2016,M,1,1,1,0,17,6.6,0,0,0,0,0,0,0,2,0,0,0,1,0,0,0,0,0,0,0,0,0,0,0,0,0,0,0.0,0.0,0.0,0.0,0.0,0.0,0.0,0.0,0.0
25286,Jan-Ingwer Callsen-Bracker,170,FC Augsburg,78,2016,D,1,1,0,1,2,,0,0,0,0,0,0,0,1,0,0,0,0,1,1,0,0,0,0,0,0,0,0,0,0,0,0,0.0,0.0,0.0,0.0,0.0,0.0,45.0,0.0,0.0
25204,Marvin Matip,184,FC Ingolstadt 04,78,2016,D,33,33,33,0,2969,6.909,0,25,7,0,0,0,0,879,6,0,0,83,312,187,7,4,30,13,27,5,0,0,0,0,0,0,0.0,0.0,0.758,0.212,0.182,0.0,5.669,0.152,0.0
25454,Markus Suttner,184,FC Ingolstadt 04,78,2016,D,31,31,31,0,2735,7.132,0,43,25,4,0,5,0,618,53,0,0,92,298,161,42,14,25,17,33,10,0,0,0,0,0,0,0.132,0.165,1.415,0.823,1.744,0.0,5.298,0.329,0.0
18970,Pascal Groß,184,FC Ingolstadt 04,78,2016,F,33,33,32,1,2728,7.255,0,51,15,5,0,4,0,1055,99,0,0,48,348,151,25,9,46,47,46,5,0,2,0,3,0,0,0.165,0.132,1.683,0.495,3.266,0.0,4.982,0.165,0.0
25225,Darío Lezcano,184,FC Ingolstadt 04,78,2016,F,33,33,29,4,2516,6.795,0,59,24,6,0,3,0,468,29,0,0,20,646,278,94,34,16,136,69,4,0,2,0,0,1,0,0.215,0.107,2.11,0.859,1.037,0.0,9.944,0.143,0.0
25210,Almog Cohen,184,FC Ingolstadt 04,78,2016,M,31,31,31,0,2497,7.084,0,60,21,7,0,1,0,637,6,0,0,67,309,169,16,10,35,42,53,2,0,1,1,1,0,0,0.252,0.036,2.163,0.757,0.216,0.0,6.091,0.072,0.0
25405,Marcel Tisserand,184,FC Ingolstadt 04,78,2016,D,28,28,27,1,2389,6.762,0,16,6,0,0,1,0,706,5,0,0,65,280,147,23,15,9,12,50,9,0,0,3,0,0,0,0.0,0.038,0.603,0.226,0.188,0.0,5.538,0.339,0.0
80547,Roger,184,FC Ingolstadt 04,78,2016,M,30,30,28,2,2286,6.716,0,14,5,1,0,0,0,500,1,0,0,60,271,164,18,8,23,48,35,6,0,0,1,0,0,0,0.039,0.0,0.551,0.197,0.039,0.0,6.457,0.236,0.0
19042,Florent Hadergjonaj,184,FC Ingolstadt 04,78,2016,D,25,25,25,0,2222,6.907,0,10,1,1,0,2,0,451,24,0,0,64,233,136,31,12,15,29,31,6,0,0,0,0,0,0,0.041,0.081,0.405,0.041,0.972,0.0,5.509,0.243,0.0
2751,Mathew Leckie,184,FC Ingolstadt 04,78,2016,M,30,30,28,2,2086,6.872,0,49,18,0,0,2,0,551,29,0,0,35,538,270,121,49,12,48,42,4,2,2,0,0,0,0,0.0,0.086,2.114,0.777,1.251,0.0,11.649,0.173,0.086
48368,Martin Hansen,184,FC Ingolstadt 04,78,2016,G,23,23,23,0,2038,6.609,0,0,0,0,34,0,59,316,1,0,0,0,11,9,0,0,1,4,1,1,0,0,0,0,0,0,0.0,0.0,0.0,0.0,0.044,0.0,0.397,0.044,0.0
25459,Alfredo Morales,184,FC Ingolstadt 04,78,2016,M,27,27,23,4,1710,6.704,0,25,6,1,0,0,0,400,10,0,0,67,303,151,40,10,16,38,33,6,1,0,0,0,0,0,0.053,0.0,1.316,0.316,0.526,0.0,7.947,0.316,0.053
25230,Romain Brégerie,184,FC Ingolstadt 04,78,2016,D,17,17,17,0,1527,6.965,0,14,4,3,0,0,0,454,7,0,0,30,172,93,5,5,3,8,20,3,1,0,0,0,0,0,0.177,0.0,0.825,0.236,0.413,0.0,5.481,0.177,0.059
19172,Ørjan Nyland,184,FC Ingolstadt 04,78,2016,G,12,12,11,1,1022,6.577,0,0,0,0,23,0,40,176,0,0,0,0,7,6,0,0,0,1,0,0,0,0,0,0,0,0,0.0,0.0,0.0,0.0,0.0,0.0,0.528,0.0,0.0
25080,Lukas Hinterseer,184,FC Ingolstadt 04,78,2016,F,28,28,18,10,952,6.74,0,20,8,3,0,1,0,183,13,0,0,9,237,95,25,9,2,24,33,2,0,0,0,2,0,0,0.284,0.095,1.891,0.756,1.229,0.0,8.981,0.189,0.0
26612,Moritz Hartmann,184,FC Ingolstadt 04,78,2016,F,14,14,12,2,949,6.501,0,19,8,1,0,0,0,184,10,0,0,11,146,70,15,6,12,16,19,0,0,0,1,0,1,0,0.095,0.0,1.802,0.759,0.948,0.0,6.639,0.0,0.0
25212,Sonny Kittel,184,FC Ingolstadt 04,78,2016,M,20,20,15,5,789,6.797,0,22,8,2,0,1,0,171,10,0,0,11,91,34,26,10,4,10,12,2,0,0,0,0,0,0,0.228,0.114,2.51,0.913,1.141,0.0,3.878,0.228,0.0
90668,Tobias Levels,184,FC Ingolstadt 04,78,2016,D,10,10,9,1,720,6.751,0,6,1,0,0,0,0,281,4,0,0,28,95,51,7,3,3,19,24,3,1,0,1,0,0,0,0.0,0.0,0.75,0.125,0.5,0.0,6.375,0.375,0.125
15874,Anthony Jung,184,FC Ingolstadt 04,78,2016,D,16,16,13,3,698,6.838,0,6,2,1,0,1,0,143,10,0,0,12,134,63,11,4,10,13,12,1,0,0,0,0,0,0,0.129,0.129,0.774,0.258,1.289,0.0,8.123,0.129,0.0
25013,Max Christiansen,184,FC Ingolstadt 04,78,2016,M,11,11,8,3,440,6.73,0,4,0,0,0,0,0,156,2,0,0,13,71,33,6,0,3,10,8,3,1,0,0,0,0,0,0.0,0.0,0.818,0.0,0.409,0.0,6.75,0.614,0.205
26137,Stefan Lex,184,FC Ingolstadt 04,78,2016,F,13,13,8,5,325,6.613,0,9,2,0,0,0,0,41,3,0,0,4,56,26,5,1,7,9,6,3,0,0,0,0,0,0,0.0,0.0,2.492,0.554,0.831,0.0,7.2,0.831,0.0
24915,Robert Leipertz,184,FC Ingolstadt 04,78,2016,M,6,6,2,4,32,6.5,0,3,1,0,0,0,0,10,0,0,0,1,3,0,1,0,1,0,1,0,0,0,0,0,0,0,0.0,0.0,8.438,2.812,0.0,0.0,0.0,0.0,0.0
24907,Maurice Multhaup,184,FC Ingolstadt 04,78,2016,M,1,1,1,0,7,6.3,0,0,0,0,0,0,0,2,0,0,0,0,2,0,1,0,0,0,0,0,0,0,0,0,0,0,0.0,0.0,0.0,0.0,0.0,0.0,0.0,0.0,0.0
24811,Anthony Modeste,192,FC Koln,78,2016,F,34,34,34,0,2978,7.184,0,101,39,25,0,2,0,437,20,0,0,18,522,245,67,23,7,65,47,3,0,1,0,3,1,0,0.756,0.06,3.052,1.179,0.604,0.0,7.404,0.091,0.0
24801,Jonas Hector,192,FC Koln,78,2016,M,33,33,33,0,2970,7.155,0,15,4,1,0,2,0,1159,37,0,0,81,423,260,52,33,37,69,27,6,0,0,0,0,0,0,0.03,0.061,0.455,0.121,1.121,0.0,7.879,0.182,0.0
26237,Dominique Heintz,192,FC Koln,78,2016,D,32,32,31,1,2774,6.987,0,7,1,0,0,0,0,1115,10,0,0,77,287,163,15,12,31,23,39,7,0,0,0,0,0,0,0.0,0.0,0.227,0.032,0.324,0.0,5.288,0.227,0.0
24790,Frederik Sørensen,192,FC Koln,78,2016,D,31,31,30,1,2680,7.316,0,19,6,0,0,2,0,854,17,0,0,85,341,206,11,8,24,23,59,5,0,0,1,0,0,0,0.0,0.067,0.638,0.201,0.571,0.0,6.918,0.168,0.0
25330,Yuya Osako,192,FC Koln,78,2016,F,30,30,28,2,2376,7.108,0,43,20,7,0,6,0,525,33,0,0,17,377,158,70,28,24,53,47,4,0,3,0,0,0,0,0.265,0.227,1.629,0.758,1.25,0.0,5.985,0.152,0.0
24802,Marco Höger,192,FC Koln,78,2016,M,30,30,27,3,2061,6.906,0,8,0,0,0,1,0,965,17,0,0,53,364,195,64,31,37,38,32,7,0,0,1,0,0,0,0.0,0.044,0.349,0.0,0.742,0.0,8.515,0.306,0.0
53652,Konstantin Rausch,192,FC Koln,78,2016,D,28,28,25,3,1934,6.79,0,25,3,0,0,2,0,540,29,0,0,50,182,94,33,12,30,32,12,4,0,0,0,0,0,0,0.0,0.093,1.163,0.14,1.35,0.0,4.374,0.186,0.0
24805,Matthias Lehmann,192,FC Koln,78,2016,M,21,21,21,0,1822,6.879,0,10,4,0,0,2,0,692,11,0,0,40,111,56,1,0,15,12,25,7,0,0,1,0,0,0,0.0,0.099,0.494,0.198,0.543,0.0,2.766,0.346,0.0
24785,Timo Horn,192,FC Koln,78,2016,G,20,20,20,0,1800,6.93,0,0,0,0,24,0,67,336,1,0,0,0,13,11,0,0,0,3,1,0,0,0,0,0,0,0,0.0,0.0,0.0,0.0,0.05,0.0,0.55,0.0,0.0
25205,Mërgim Mavraj,192,FC Koln,78,2016,D,16,16,16,0,1440,7.162,0,6,3,0,0,0,0,594,0,0,0,44,147,88,2,2,12,8,18,2,0,0,0,0,0,0,0.0,0.0,0.375,0.188,0.0,0.0,5.5,0.125,0.0
24786,Thomas Kessler,192,FC Koln,78,2016,G,13,13,13,0,1170,6.862,0,0,0,0,18,0,45,180,1,0,0,0,7,7,0,0,0,2,0,1,0,0,0,0,0,0,0.0,0.0,0.0,0.0,0.077,0.0,0.538,0.077,0.0
19695,Paweł Olkowski,192,FC Koln,78,2016,D,14,14,13,1,1106,6.999,0,2,0,0,0,1,0,193,8,0,0,45,148,85,21,11,11,18,18,2,0,0,0,0,0,0,0.0,0.081,0.163,0.0,0.651,0.0,6.917,0.163,0.0
24808,Marcel Risse,192,FC Koln,78,2016,M,13,13,13,0,1103,7.156,0,22,9,2,0,4,0,259,21,0,0,22,95,47,45,21,9,8,5,1,0,0,0,0,0,0,0.163,0.326,1.795,0.734,1.714,0.0,3.835,0.082,0.0
49855,Miloš Jojić,192,FC Koln,78,2016,M,19,19,16,3,1086,6.907,0,18,7,4,0,4,0,263,22,0,0,34,181,56,31,10,17,12,37,2,0,0,0,0,0,0,0.331,0.331,1.492,0.58,1.823,0.0,4.641,0.166,0.0
25084,Simon Zoller,192,FC Koln,78,2016,F,26,26,18,8,1022,6.577,0,13,3,2,0,2,0,215,9,0,0,16,120,52,19,5,10,10,14,3,0,0,0,0,0,0,0.176,0.176,1.145,0.264,0.793,0.0,4.579,0.264,0.0
716,Leonardo Bittencourt,192,FC Koln,78,2016,M,16,16,14,2,977,7.109,0,22,9,3,0,5,0,208,15,0,0,16,136,73,38,14,9,27,16,3,0,0,0,0,0,0,0.276,0.461,2.027,0.829,1.382,0.0,6.725,0.276,0.0
22091,Neven Subotić,192,FC Koln,78,2016,D,12,12,10,2,887,6.941,0,2,0,0,0,0,0,276,0,0,0,27,77,53,1,1,4,6,4,1,0,0,0,0,0,0,0.0,0.0,0.203,0.0,0.0,0.0,5.378,0.101,0.0
24796,Christian Clemens,192,FC Koln,78,2016,M,12,12,11,1,792,6.85,0,11,3,1,0,1,0,154,5,0,0,16,118,59,22,12,14,9,16,2,0,0,0,0,0,0,0.114,0.114,1.25,0.341,0.568,0.0,6.705,0.227,0.0
25340,Lukas Klünter,192,FC Koln,78,2016,D,8,8,8,0,720,7.125,0,2,1,1,0,1,0,94,5,0,0,41,77,44,14,8,2,14,8,4,0,0,0,0,0,0,0.125,0.125,0.25,0.125,0.625,0.0,5.5,0.5,0.0
90654,Artjoms Rudnevs,192,FC Koln,78,2016,F,18,18,13,5,688,6.898,0,21,4,3,0,3,0,98,16,0,0,4,117,42,19,6,3,12,24,3,0,0,0,0,0,0,0.392,0.392,2.747,0.523,2.093,0.0,5.494,0.392,0.0
26485,Dominic Maroh,192,FC Koln,78,2016,D,12,12,9,3,641,6.904,0,3,1,0,0,0,0,283,0,0,0,22,55,34,0,0,1,7,7,3,0,0,0,0,0,0,0.0,0.0,0.421,0.14,0.0,0.0,4.774,0.421,0.0
24807,Salih Özcan,192,FC Koln,78,2016,M,13,13,7,6,362,6.504,0,4,0,0,0,2,0,138,3,0,0,10,75,29,12,2,12,9,12,2,1,0,0,0,0,0,0.0,0.497,0.994,0.0,0.746,0.0,7.21,0.497,0.249
24850,Marcel Hartel,192,FC Koln,78,2016,M,2,2,1,1,91,6.673,0,4,2,0,0,0,0,44,0,0,0,3,10,7,2,1,1,3,0,0,0,0,0,0,0,0,0.0,0.0,3.956,1.978,0.0,0.0,6.923,0.0,0.0
26085,Sven Müller,192,FC Koln,78,2016,G,1,1,1,0,90,7.5,0,0,0,0,0,0,4,11,0,0,0,0,0,0,0,0,0,0,0,0,0,0,0,0,0,0,0.0,0.0,0.0,0.0,0.0,0.0,0.0,0.0,0.0
21393,Sehrou Guirassy,192,FC Koln,78,2016,F,6,6,4,2,79,6.438,0,1,0,0,0,0,0,18,0,0,0,0,29,10,3,1,0,5,6,2,0,0,0,0,0,0,0.0,0.0,1.139,0.0,0.0,0.0,11.392,2.278,0.0
2820,Filip Mladenović,192,FC Koln,78,2016,D,2,2,1,1,9,6.5,0,0,0,0,0,0,0,1,0,0,0,0,3,1,0,0,1,1,0,0,0,0,0,0,0,0,0.0,0.0,0.0,0.0,0.0,0.0,10.0,0.0,0.0
396,Ralf Fährmann,174,FC Schalke 04,78,2016,G,34,34,34,0,3060,6.894,0,0,0,0,40,0,80,683,1,0,0,3,33,30,0,0,2,11,1,3,0,0,0,0,0,2,0.0,0.0,0.0,0.0,0.029,0.0,0.882,0.088,0.0
469,Benedikt Höwedes,174,FC Schalke 04,78,2016,D,31,31,31,0,2790,7.19,0,18,4,1,0,1,0,1438,5,0,0,119,263,164,4,3,23,36,30,7,0,0,2,0,0,0,0.032,0.032,0.581,0.129,0.161,0.0,5.29,0.226,0.0
511,Leon Goretzka,174,FC Schalke 04,78,2016,M,30,30,30,0,2567,7.016,0,51,19,5,0,3,0,946,35,0,0,77,443,201,78,35,49,54,40,2,0,1,0,0,0,0,0.175,0.105,1.788,0.666,1.227,0.0,7.047,0.07,0.0
409,Nabil Bentaleb,174,FC Schalke 04,78,2016,M,32,32,31,1,2551,7.088,0,42,11,5,0,5,0,1269,32,0,0,54,277,148,66,39,11,28,34,12,0,0,0,1,0,0,0.176,0.176,1.482,0.388,1.129,0.0,5.221,0.423,0.0
1442,Sead Kolašinac,174,FC Schalke 04,78,2016,D,25,25,24,1,2070,7.071,0,17,5,3,0,5,0,687,23,0,0,81,285,154,41,17,21,22,39,5,0,0,1,0,0,0,0.13,0.217,0.739,0.217,1.0,0.0,6.696,0.217,0.0
417,Alessandro Schöpf,174,FC Schalke 04,78,2016,M,28,28,24,4,2038,6.872,0,28,11,6,0,2,0,708,25,0,0,67,359,151,102,34,29,42,54,4,0,0,1,0,0,0,0.265,0.088,1.237,0.486,1.104,0.0,6.668,0.177,0.0
403,Matija Nastasić,174,FC Schalke 04,78,2016,D,22,22,22,0,1921,6.998,0,3,0,0,0,0,0,973,3,0,0,46,149,84,2,2,7,9,37,6,0,0,1,0,0,0,0.0,0.0,0.141,0.0,0.141,0.0,3.935,0.281,0.0
275,Eric Maxim Choupo-Moting,174,FC Schalke 04,78,2016,F,23,23,22,1,1687,6.785,0,48,16,3,0,4,0,431,32,0,0,10,326,136,83,39,8,28,25,1,0,1,0,1,1,0,0.16,0.213,2.561,0.854,1.707,0.0,7.255,0.053,0.0
18851,Max Meyer,174,FC Schalke 04,78,2016,M,27,27,22,5,1667,6.75,0,31,10,1,0,1,0,628,31,0,0,10,179,72,40,14,12,30,13,4,0,0,0,0,0,0,0.054,0.054,1.674,0.54,1.674,0.0,3.887,0.216,0.0
94,Naldo,174,FC Schalke 04,78,2016,D,19,19,19,0,1624,7.317,0,28,8,1,0,0,0,692,1,0,0,52,161,101,2,1,7,11,21,1,1,0,1,0,0,0,0.055,0.0,1.552,0.443,0.055,0.0,5.597,0.055,0.055
420,Guido Burgstaller,174,FC Schalke 04,78,2016,F,18,18,17,1,1473,6.902,0,45,17,9,0,2,0,221,18,0,0,3,189,58,39,12,3,24,32,1,0,0,0,0,1,0,0.55,0.122,2.749,1.039,1.1,0.0,3.544,0.061,0.0
24799,Johannes Geis,174,FC Schalke 04,78,2016,D,18,18,17,1,1332,7.41,0,15,5,0,0,0,0,651,45,0,0,43,160,94,9,6,12,23,24,4,0,0,0,0,0,0,0.0,0.0,1.014,0.338,3.041,0.0,6.351,0.27,0.0
407,Benjamin Stambouli,174,FC Schalke 04,78,2016,D,23,23,17,6,1294,6.82,0,4,1,0,0,0,0,626,3,0,0,61,154,88,16,9,25,8,11,3,1,0,1,0,0,0,0.0,0.0,0.278,0.07,0.209,0.0,6.121,0.209,0.07
410,Daniel Caligiuri,174,FC Schalke 04,78,2016,M,16,16,15,1,1112,6.864,0,18,3,2,0,3,0,300,21,0,0,15,185,80,43,20,12,18,20,0,0,1,0,0,0,0,0.162,0.243,1.457,0.243,1.7,0.0,6.475,0.0,0.0
261,Thilo Kehrer,174,FC Schalke 04,78,2016,D,16,16,15,1,1078,7.254,0,13,2,1,0,1,0,464,6,0,0,43,176,96,14,8,6,20,26,4,1,1,1,0,0,0,0.083,0.083,1.085,0.167,0.501,0.0,8.015,0.334,0.083
26296,Holger Badstuber,174,FC Schalke 04,78,2016,D,10,10,10,0,864,7.001,0,1,1,0,0,0,0,527,4,0,0,26,65,34,3,2,2,4,10,1,0,0,0,0,0,0,0.0,0.0,0.104,0.104,0.417,0.0,3.542,0.104,0.0
551,Klaas-Jan Huntelaar,174,FC Schalke 04,78,2016,F,16,16,12,4,753,6.721,0,24,8,2,0,0,0,110,3,0,0,1,98,38,7,2,2,11,22,1,0,0,0,0,0,0,0.239,0.0,2.869,0.956,0.359,0.0,4.542,0.12,0.0
21996,Baba Rahman,174,FC Schalke 04,78,2016,D,13,13,9,4,707,6.692,0,6,0,0,0,2,0,235,8,0,0,26,125,63,27,13,7,7,17,2,0,0,0,0,0,0,0.0,0.255,0.764,0.0,1.018,0.0,8.02,0.255,0.0
47451,Coke,174,FC Schalke 04,78,2016,D,8,8,7,1,628,6.848,0,8,1,1,0,0,0,204,10,0,0,14,94,43,19,5,8,18,10,1,0,0,0,0,0,0,0.143,0.0,1.146,0.143,1.433,0.0,6.162,0.143,0.0
413,Yevhen Konoplyanka,174,FC Schalke 04,78,2016,F,17,17,11,6,604,6.792,0,15,5,1,0,1,0,155,7,0,0,8,72,29,29,12,2,9,8,1,0,0,0,0,0,0,0.149,0.149,2.235,0.745,1.043,0.0,4.321,0.149,0.0
421,Breel Embolo,174,FC Schalke 04,78,2016,F,7,7,5,2,340,7.282,0,8,4,2,0,1,0,47,5,0,0,6,68,31,19,8,1,8,8,0,0,0,0,0,0,0,0.529,0.265,2.118,1.059,1.324,0.0,8.206,0.0,0.0
47552,Franco di Santo,174,FC Schalke 04,78,2016,F,12,12,10,2,316,7.016,0,6,1,0,0,2,0,61,5,0,0,4,72,40,6,3,0,13,10,2,0,0,0,0,0,0,0.0,0.57,1.709,0.285,1.424,0.0,11.392,0.57,0.0
90663,Donis Avdijaj,174,FC Schalke 04,78,2016,F,9,9,4,5,294,6.653,0,12,5,2,0,0,0,77,3,0,0,1,41,14,19,9,5,1,4,1,0,0,0,0,0,0,0.612,0.0,3.673,1.531,0.918,0.0,4.286,0.306,0.0
26295,Dennis Aogo,174,FC Schalke 04,78,2016,M,7,7,4,3,287,6.963,0,0,0,0,0,1,0,140,5,0,0,5,23,11,0,0,0,2,6,1,0,0,0,0,0,0,0.0,0.314,0.0,0.0,1.568,0.0,3.449,0.314,0.0
405,Sascha Riether,174,FC Schalke 04,78,2016,D,5,5,4,1,284,6.694,0,0,0,0,0,0,0,177,2,0,0,3,19,12,1,0,0,1,1,0,0,0,0,0,0,0,0.0,0.0,0.0,0.0,0.634,0.0,3.803,0.0,0.0
49841,Junior Caiçara,174,FC Schalke 04,78,2016,D,3,3,3,0,107,6.483,0,0,0,0,0,0,0,41,1,0,0,4,18,8,1,0,1,0,3,1,0,0,1,0,0,0,0.0,0.0,0.0,0.0,0.841,0.0,6.729,0.841,0.0
25167,Fabian Reese,174,FC Schalke 04,78,2016,F,3,3,3,0,73,6.778,0,2,0,0,0,0,0,13,2,0,0,0,20,8,2,1,0,0,1,0,0,0,0,0,0,0,0.0,0.0,2.466,0.0,2.466,0.0,9.863,0.0,0.0
415,Weston McKennie,174,FC Schalke 04,78,2016,M,1,1,1,0,13,6.4,0,0,0,0,0,0,0,4,0,0,0,0,2,1,1,0,0,0,0,0,0,0,0,0,0,0,0.0,0.0,0.0,0.0,0.0,0.0,6.923,0.0,0.0
24835,Bernard Tekpetey,174,FC Schalke 04,78,2016,M,2,2,1,1,4,6.4,0,0,0,0,0,0,0,2,0,0,0,0,3,1,1,0,0,0,1,1,0,0,0,0,0,0,0.0,0.0,0.0,0.0,0.0,0.0,22.5,22.5,0.0
25911,Giulio Donati,164,FSV Mainz 05,78,2016,D,32,32,32,0,2805,6.929,0,9,4,0,0,0,0,783,21,0,0,86,300,189,33,19,28,41,30,4,0,1,0,0,0,0,0.0,0.0,0.289,0.128,0.674,0.0,6.064,0.128,0.0
25907,Stefan Bell,164,FSV Mainz 05,78,2016,D,31,31,31,0,2744,7.026,0,24,10,5,0,1,0,968,14,0,0,91,284,166,4,4,20,21,39,11,1,0,1,0,0,0,0.164,0.033,0.787,0.328,0.459,0.0,5.445,0.361,0.033
25908,Daniel Brosinski,164,FSV Mainz 05,78,2016,D,29,29,28,1,2454,6.87,0,34,9,1,0,2,0,759,33,0,0,75,250,130,35,14,19,33,19,6,0,1,0,1,0,0,0.037,0.073,1.247,0.33,1.21,0.0,4.768,0.22,0.0
2727,Jonas Lössl,164,FSV Mainz 05,78,2016,G,27,27,27,0,2430,6.678,0,1,0,0,46,0,87,457,2,0,0,1,20,16,0,0,3,3,0,0,0,0,0,0,0,1,0.0,0.0,0.037,0.0,0.074,0.0,0.593,0.0,0.0
24810,Jhon Córdoba,164,FSV Mainz 05,78,2016,F,29,29,28,1,2351,6.733,0,59,19,5,0,3,0,334,18,0,0,15,564,229,114,47,2,94,66,8,1,2,0,0,0,0,0.191,0.115,2.259,0.727,0.689,0.0,8.766,0.306,0.038
25922,Levin Öztunali,164,FSV Mainz 05,78,2016,F,30,30,27,3,1971,6.674,0,29,12,5,0,6,0,299,32,0,0,41,287,107,85,29,12,23,30,1,0,0,0,0,0,0,0.228,0.274,1.324,0.548,1.461,0.0,4.886,0.046,0.0
3240,Jean-Philippe Gbamin,164,FSV Mainz 05,78,2016,M,25,25,23,2,1824,6.67,0,23,4,0,0,0,0,534,6,0,0,56,298,147,43,22,9,21,53,6,3,0,0,0,0,0,0.0,0.0,1.135,0.197,0.296,0.0,7.253,0.296,0.148
48382,Fabian Frei,164,FSV Mainz 05,78,2016,M,24,24,23,1,1668,6.861,0,16,3,0,0,1,0,589,13,0,0,64,171,78,10,7,21,10,20,3,0,0,0,0,0,0,0.0,0.054,0.863,0.162,0.701,0.0,4.209,0.162,0.0
47386,Pablo De Blasis,164,FSV Mainz 05,78,2016,M,31,31,23,8,1655,6.637,0,35,19,5,0,4,0,404,32,0,0,19,279,96,46,19,27,24,29,5,0,0,0,1,0,0,0.272,0.218,1.903,1.033,1.74,0.0,5.221,0.272,0.0
25920,Danny Latza,164,FSV Mainz 05,78,2016,M,21,21,19,2,1578,6.952,0,28,11,4,0,0,0,602,14,0,0,51,293,138,20,10,46,33,29,6,0,0,0,0,0,0,0.228,0.0,1.597,0.627,0.798,0.0,7.871,0.342,0.0
25412,Yunus Malli,164,FSV Mainz 05,78,2016,M,16,16,16,0,1379,6.982,0,31,16,6,0,6,0,291,35,0,0,9,107,35,38,11,2,13,7,0,0,1,0,3,0,0,0.392,0.392,2.023,1.044,2.284,0.0,2.284,0.0,0.0
25913,Alexander Hack,164,FSV Mainz 05,78,2016,D,15,15,14,1,1295,7.178,0,8,2,0,0,1,0,567,4,0,0,49,179,118,5,5,19,18,6,0,0,0,0,0,0,0,0.0,0.069,0.556,0.139,0.278,0.0,8.201,0.0,0.0
1085,André Ramalho,164,FSV Mainz 05,78,2016,D,18,18,15,3,1134,7.011,0,13,2,0,0,0,0,476,3,0,0,38,163,85,12,8,17,14,21,4,0,0,1,0,0,0,0.0,0.0,1.032,0.159,0.238,0.0,6.746,0.317,0.0
25910,Gaëtan Bussmann,164,FSV Mainz 05,78,2016,D,14,14,12,2,1048,6.866,0,10,2,0,0,1,0,188,9,0,0,43,135,81,12,7,9,7,11,1,1,0,0,0,0,0,0.0,0.086,0.859,0.172,0.773,0.0,6.956,0.086,0.086
2767,Leon Balogun,164,FSV Mainz 05,78,2016,D,17,17,14,3,1023,7.046,0,3,1,0,0,0,0,317,2,0,0,43,134,83,3,3,5,13,14,3,0,0,0,0,0,0,0.0,0.0,0.264,0.088,0.176,0.0,7.302,0.264,0.0
18905,Yoshinori Muto,164,FSV Mainz 05,78,2016,F,19,19,15,4,1020,6.66,0,18,9,5,0,0,0,115,7,0,0,6,162,57,27,10,4,19,26,3,0,2,0,0,0,0,0.441,0.0,1.588,0.794,0.618,0.0,5.029,0.265,0.0
24886,Jairo Samperio,164,FSV Mainz 05,78,2016,M,17,17,14,3,941,6.492,0,27,9,2,0,1,0,155,9,0,0,16,168,62,53,19,6,13,12,5,0,0,0,2,0,0,0.191,0.096,2.582,0.861,0.861,0.0,5.93,0.478,0.0
25928,Karim Onisiwo,164,FSV Mainz 05,78,2016,F,16,16,13,3,911,6.289,0,15,10,1,0,0,0,133,6,0,0,15,231,86,55,18,18,25,21,4,0,0,1,0,0,0,0.099,0.0,1.482,0.988,0.593,0.0,8.496,0.395,0.0
25909,Niko Bungert,164,FSV Mainz 05,78,2016,D,10,10,9,1,758,6.781,0,3,1,1,0,0,0,272,0,0,0,23,82,45,0,0,5,9,19,1,0,0,1,0,0,0,0.119,0.0,0.356,0.119,0.0,0.0,5.343,0.119,0.0
19512,Bojan Krkić,164,FSV Mainz 05,78,2016,F,11,11,11,0,630,6.776,0,13,6,1,0,1,0,160,10,0,0,9,77,37,25,14,5,14,4,1,0,0,0,0,0,0,0.143,0.143,1.857,0.857,1.429,0.0,5.286,0.143,0.0
25904,Jannik Huth,164,FSV Mainz 05,78,2016,G,7,7,7,0,630,6.8,0,0,0,0,9,0,18,140,0,0,0,0,1,1,0,0,0,0,0,0,0,0,0,0,0,0,0.0,0.0,0.0,0.0,0.0,0.0,0.143,0.0,0.0
2866,Robin Quaison,164,FSV Mainz 05,78,2016,F,11,11,8,3,482,6.527,0,5,1,1,0,0,0,73,2,0,0,9,66,22,10,5,5,7,13,0,0,0,0,0,0,0,0.187,0.0,0.934,0.187,0.373,0.0,4.108,0.0,0.0
418,Suat Serdar,164,FSV Mainz 05,78,2016,M,8,8,6,2,328,6.801,0,1,0,0,0,0,0,74,3,0,0,15,68,30,8,5,7,5,13,1,0,0,0,0,0,0,0.0,0.0,0.274,0.0,0.823,0.0,8.232,0.274,0.0
24796,Christian Clemens,164,FSV Mainz 05,78,2016,M,3,3,2,1,188,6.523,0,4,1,0,0,0,0,37,3,0,0,2,20,8,4,1,3,1,1,0,0,0,0,0,0,0,0.0,0.0,1.915,0.479,1.436,0.0,3.83,0.0,0.0
24974,Aaron Seydel,164,FSV Mainz 05,78,2016,F,6,6,3,3,172,6.936,0,4,2,1,0,0,0,27,0,0,0,1,40,19,1,0,0,6,6,0,0,0,0,0,0,0,0.523,0.0,2.093,1.047,0.0,0.0,9.942,0.0,0.0
25919,Gerit Holtmann,164,FSV Mainz 05,78,2016,M,5,5,4,1,124,6.448,0,2,0,0,0,1,0,31,2,0,0,2,17,6,2,0,3,1,1,0,0,0,0,0,0,0,0.0,0.726,1.452,0.0,1.452,0.0,4.355,0.0,0.0
88017,Mounir Bouziane,164,FSV Mainz 05,78,2016,F,1,1,0,1,13,6.3,0,0,0,0,0,0,0,1,0,0,0,0,4,0,0,0,1,0,1,0,0,0,0,0,0,0,0.0,0.0,0.0,0.0,0.0,0.0,0.0,0.0,0.0
37019,José Rodríguez,164,FSV Mainz 05,78,2016,M,2,2,1,1,5,5.2,0,0,0,0,0,0,0,3,0,0,0,0,6,1,2,1,0,0,3,0,1,0,0,0,0,0,0.0,0.0,0.0,0.0,0.0,0.0,18.0,0.0,18.0
24872,Gotoku Sakai,175,Hamburger SV,78,2016,D,33,33,30,3,2692,6.77,0,19,4,1,0,2,0,820,22,0,0,70,302,165,42,17,33,40,28,7,0,0,0,0,0,0,0.033,0.067,0.635,0.134,0.736,0.0,5.516,0.234,0.0
1821,Filip Kostić,175,Hamburger SV,78,2016,M,31,31,29,2,2529,6.509,0,53,16,4,0,3,0,416,40,0,0,46,401,154,152,47,31,36,37,6,0,1,0,0,0,0,0.142,0.107,1.886,0.569,1.423,0.0,5.48,0.214,0.0
24876,Lewis Holtby,175,Hamburger SV,78,2016,M,29,29,29,0,2420,6.865,0,28,6,1,0,6,0,771,34,0,0,66,421,191,56,21,30,45,59,4,1,0,0,0,0,0,0.037,0.223,1.041,0.223,1.264,0.0,7.103,0.149,0.037
24867,Gideon Jung,175,Hamburger SV,78,2016,M,29,29,29,0,2371,6.788,0,12,2,0,0,0,0,528,4,0,0,56,297,161,20,9,21,39,51,3,0,0,0,0,0,0,0.0,0.0,0.456,0.076,0.152,0.0,6.111,0.114,0.0
25394,Bobby Wood,175,Hamburger SV,78,2016,F,28,28,25,3,2083,6.615,0,39,20,5,0,2,0,309,25,0,0,10,472,177,88,28,4,30,38,1,1,0,0,0,0,0,0.216,0.086,1.685,0.864,1.08,0.0,7.648,0.043,0.043
25371,Matthias Ostrzolek,175,Hamburger SV,78,2016,M,24,24,23,1,1994,6.817,0,12,4,1,0,1,0,533,17,0,0,46,247,148,22,4,11,41,26,4,0,0,1,0,0,0,0.045,0.045,0.542,0.181,0.767,0.0,6.68,0.181,0.0
25382,Nicolai Müller,175,Hamburger SV,78,2016,M,25,25,25,0,1900,6.644,0,43,13,5,0,6,0,286,28,0,0,29,394,156,102,37,32,45,59,4,0,0,0,0,0,0,0.237,0.284,2.037,0.616,1.326,0.0,7.389,0.189,0.0
25172,Dennis Diekmeier,175,Hamburger SV,78,2016,D,24,24,23,1,1782,6.719,0,5,1,0,0,1,0,268,16,0,0,33,165,97,22,10,5,18,24,7,1,0,1,0,0,0,0.0,0.051,0.253,0.051,0.808,0.0,4.899,0.354,0.051
24866,Douglas Santos,175,Hamburger SV,78,2016,D,20,20,19,1,1712,6.742,0,7,2,0,0,0,0,483,11,0,0,61,230,130,24,10,27,10,23,4,0,0,1,0,0,0,0.0,0.0,0.368,0.105,0.578,0.0,6.834,0.21,0.0
25902,René Adler,175,Hamburger SV,78,2016,G,19,19,19,0,1710,6.563,0,0,0,0,38,1,47,262,1,0,0,1,5,4,0,0,0,1,1,1,0,0,0,0,0,0,0.0,0.053,0.0,0.0,0.053,0.0,0.211,0.053,0.0
25297,Michael Gregoritsch,175,Hamburger SV,78,2016,M,30,30,20,10,1303,6.799,0,52,18,5,0,1,0,300,9,0,0,16,337,151,33,8,18,20,26,4,0,0,0,0,0,0,0.345,0.069,3.592,1.243,0.622,0.0,10.43,0.276,0.0
24877,Aaron Hunt,175,Hamburger SV,78,2016,M,22,22,20,2,1302,7.087,0,14,7,4,0,2,0,395,26,0,0,18,179,87,27,13,12,33,25,3,0,1,0,0,1,0,0.276,0.138,0.968,0.484,1.797,0.0,6.014,0.207,0.0
24871,Kyriakos Papadopoulos,175,Hamburger SV,78,2016,D,15,15,15,0,1291,7.267,0,15,3,2,0,0,0,282,1,0,0,48,179,115,3,0,14,13,18,6,0,0,0,0,0,0,0.139,0.0,1.046,0.209,0.07,0.0,8.017,0.418,0.0
25599,Christian Mathenia,175,Hamburger SV,78,2016,G,14,14,14,0,1260,6.8,0,0,0,0,19,0,39,182,1,0,0,1,10,9,0,0,0,5,0,1,0,0,0,0,0,0,0.0,0.0,0.0,0.0,0.071,0.0,0.643,0.071,0.0
25205,Mërgim Mavraj,175,Hamburger SV,78,2016,D,14,14,14,0,1260,6.957,0,8,2,0,0,0,0,276,0,0,0,41,171,110,4,2,9,12,19,3,0,0,1,0,0,0,0.0,0.0,0.571,0.143,0.0,0.0,7.857,0.214,0.0
2858,Albin Ekdal,175,Hamburger SV,78,2016,M,21,21,17,4,1244,6.75,0,6,2,1,0,1,0,344,2,0,0,39,161,92,12,7,12,27,27,4,1,0,1,0,0,0,0.072,0.072,0.434,0.145,0.145,0.0,6.656,0.289,0.072
91303,Johan Djourou,175,Hamburger SV,78,2016,D,14,14,12,2,1142,6.655,0,4,1,0,0,0,0,341,3,0,0,32,111,67,4,0,1,3,25,6,0,0,0,0,1,0,0.0,0.0,0.315,0.079,0.236,0.0,5.28,0.473,0.0
90674,Emir Spahić,175,Hamburger SV,78,2016,D,11,11,9,2,777,6.758,0,3,0,0,0,0,0,325,1,0,0,26,107,55,7,4,9,5,20,3,0,0,0,0,0,0,0.0,0.0,0.347,0.0,0.116,0.0,6.371,0.347,0.0
25387,Walace,175,Hamburger SV,78,2016,M,9,9,9,0,721,6.874,0,6,1,1,0,0,0,222,2,0,0,43,108,55,12,6,10,8,15,2,0,0,0,0,0,0,0.125,0.0,0.749,0.125,0.25,0.0,6.865,0.25,0.0
24889,Pierre-Michel Lasogga,175,Hamburger SV,78,2016,F,20,20,14,6,543,6.807,0,18,5,1,0,0,0,119,5,0,0,5,112,54,5,1,3,6,18,2,0,0,0,0,0,0,0.166,0.0,2.983,0.829,0.829,0.0,8.95,0.331,0.0
26260,Luca Waldschmidt,175,Hamburger SV,78,2016,F,14,14,8,6,348,6.678,0,9,4,1,0,1,0,66,4,0,0,5,45,18,9,2,3,4,5,0,0,0,0,0,0,0,0.259,0.259,2.328,1.034,1.034,0.0,4.655,0.0,0.0
80362,Cléber Reis,175,Hamburger SV,78,2016,D,5,5,5,0,326,6.539,0,0,0,0,0,0,0,121,0,0,0,19,52,28,3,3,5,3,12,1,1,0,1,0,0,0,0.0,0.0,0.0,0.0,0.0,0.0,7.73,0.276,0.276
24880,Bakery Jatta,175,Hamburger SV,78,2016,M,6,6,3,3,180,6.638,0,4,1,0,0,0,0,29,3,0,0,5,44,24,8,3,3,4,4,0,0,0,0,0,0,0,0.0,0.0,2.0,0.5,1.5,0.0,12.0,0.0,0.0
24879,Vasilije Janjičić,175,Hamburger SV,78,2016,M,4,4,3,1,176,6.898,0,1,0,0,0,0,0,63,1,0,0,5,19,13,0,0,3,0,0,0,0,0,0,0,0,0,0.0,0.0,0.511,0.0,0.511,0.0,6.648,0.0,0.0
2115,Alen Halilović,175,Hamburger SV,78,2016,M,6,6,4,2,137,6.28,0,1,0,0,0,0,0,47,0,0,0,0,10,3,7,2,1,0,0,0,0,0,0,0,0,0,0.0,0.0,0.657,0.0,0.0,0.0,1.971,0.0,0.0
24863,Tom Mickel,175,Hamburger SV,78,2016,G,1,1,1,0,90,6.7,0,0,0,0,4,0,6,11,0,0,0,0,1,1,0,0,0,0,0,0,0,0,0,0,0,0,0.0,0.0,0.0,0.0,0.0,0.0,1.0,0.0,0.0
37231,Nabil Bahoui,175,Hamburger SV,78,2016,M,1,1,1,0,67,6.5,0,1,1,0,0,0,0,13,0,0,0,2,8,2,0,0,1,1,3,0,0,0,0,0,0,0,0.0,0.0,1.343,1.343,0.0,0.0,2.687,0.0,0.0
90665,Ashton Philip Shawn Gotz,175,Hamburger SV,78,2016,D,1,1,1,0,66,5.2,0,0,0,0,0,0,0,15,0,0,0,0,12,3,2,0,4,2,1,1,0,0,1,0,0,0,0.0,0.0,0.0,0.0,0.0,0.0,4.091,1.364,0.0
26525,Finn Dominik Porath,175,Hamburger SV,78,2016,M,1,1,1,0,1,,0,0,0,0,0,0,0,0,0,0,0,0,0,0,0,0,0,0,0,0,0,0,0,0,0,0,0.0,0.0,0.0,0.0,0.0,0.0,0.0,0.0,0.0
25333,Rune Jarstein,159,Hertha Berlin,78,2016,G,34,34,34,0,3060,6.818,0,0,0,0,47,0,100,772,0,0,0,3,15,15,1,1,0,4,0,1,0,0,0,0,0,0,0.0,0.0,0.0,0.0,0.0,0.0,0.441,0.029,0.0
25359,Vedad Ibišević,159,Hertha Berlin,78,2016,F,32,32,32,0,2721,6.919,0,72,33,12,0,4,0,419,20,0,0,10,548,233,64,27,13,62,56,9,1,1,0,3,0,0,0.397,0.132,2.381,1.092,0.662,0.0,7.707,0.298,0.033
25343,Peter Pekarík,159,Hertha Berlin,78,2016,D,31,31,31,0,2711,6.749,0,12,3,1,0,1,0,953,19,0,0,62,204,116,20,5,21,24,22,3,0,0,0,0,0,0,0.033,0.033,0.398,0.1,0.631,0.0,3.851,0.1,0.0
25344,Marvin Plattenhardt,159,Hertha Berlin,78,2016,D,27,27,27,0,2430,6.944,0,24,11,3,0,3,0,769,36,0,0,53,194,108,29,12,16,24,33,3,0,1,1,0,0,0,0.111,0.111,0.889,0.407,1.333,0.0,4.0,0.111,0.0
2916,Niklas Stark,159,Hertha Berlin,78,2016,D,27,27,27,0,2355,7.115,0,21,4,1,0,0,0,1030,4,0,0,69,251,147,5,2,14,35,40,6,0,1,0,0,0,0,0.038,0.0,0.803,0.153,0.153,0.0,5.618,0.229,0.0
25316,Sebastian Langkamp,159,Hertha Berlin,78,2016,D,27,27,26,1,2312,7.067,0,7,3,0,0,0,0,1333,3,0,0,65,258,171,6,4,9,37,27,5,0,0,0,0,0,0,0.0,0.0,0.272,0.117,0.117,0.0,6.657,0.195,0.0
25356,Per Ciljan Skjelbred,159,Hertha Berlin,78,2016,M,26,26,25,1,2143,6.965,0,5,0,0,0,0,0,1045,6,0,0,53,242,142,19,13,30,25,39,2,0,0,0,0,0,0,0.0,0.0,0.21,0.0,0.252,0.0,5.964,0.084,0.0
25397,John Brooks,159,Hertha Berlin,78,2016,D,24,24,24,0,2115,7.106,0,13,6,2,0,0,0,1176,1,0,0,62,186,114,10,4,18,24,23,5,0,0,0,0,0,0,0.085,0.0,0.553,0.255,0.043,0.0,4.851,0.213,0.0
25379,Genki Haraguchi,159,Hertha Berlin,78,2016,M,31,31,27,4,2051,6.713,0,27,2,1,0,2,0,462,20,0,0,23,342,163,92,49,38,38,34,4,0,0,1,0,0,0,0.044,0.088,1.185,0.088,0.878,0.0,7.153,0.176,0.0
25352,Salomon Kalou,159,Hertha Berlin,78,2016,M,26,26,26,0,1994,6.775,0,38,17,7,0,4,0,434,24,0,0,28,270,98,75,30,12,26,22,1,0,0,0,1,0,0,0.316,0.181,1.715,0.767,1.083,0.0,4.423,0.045,0.0
25348,Vladimír Darida,159,Hertha Berlin,78,2016,M,25,25,24,1,1981,6.87,0,30,10,2,0,2,0,1084,30,0,0,32,224,90,31,14,20,33,33,6,0,0,1,0,0,0,0.091,0.091,1.363,0.454,1.363,0.0,4.089,0.273,0.0
25354,Fabian Lustenberger,159,Hertha Berlin,78,2016,M,19,19,17,2,1500,7.093,0,2,0,0,0,1,0,748,7,0,0,50,160,92,3,2,12,25,26,1,0,0,0,0,0,0,0.0,0.06,0.12,0.0,0.42,0.0,5.52,0.06,0.0
26308,Alexander Esswein,159,Hertha Berlin,78,2016,M,29,29,23,6,1321,6.689,0,27,10,2,0,2,0,288,18,0,0,29,173,75,42,10,13,25,22,4,0,0,0,0,0,0,0.136,0.136,1.84,0.681,1.226,0.0,5.11,0.273,0.0
48386,Valentin Stocker,159,Hertha Berlin,78,2016,M,17,17,15,2,1162,6.651,0,24,10,4,0,1,0,225,15,0,0,19,218,76,29,9,23,21,33,1,1,2,0,0,0,0,0.31,0.077,1.859,0.775,1.162,0.0,5.886,0.077,0.077
973,Mitchell Weiser,159,Hertha Berlin,78,2016,D,17,17,14,3,1125,6.949,0,10,3,2,0,4,0,314,28,0,0,31,213,108,73,35,12,40,20,2,0,0,0,0,0,0,0.16,0.32,0.8,0.24,2.24,0.0,8.64,0.16,0.0
10319,Allan,159,Hertha Berlin,78,2016,M,15,15,10,5,791,6.956,0,7,1,0,0,0,0,324,2,0,0,38,100,56,8,4,10,11,15,3,0,0,0,0,0,0,0.0,0.0,0.796,0.114,0.228,0.0,6.372,0.341,0.0
25346,Jordan Torunarigha,159,Hertha Berlin,78,2016,D,8,8,5,3,482,6.636,0,2,1,1,0,0,0,173,1,0,0,14,61,39,2,1,2,8,6,1,0,0,1,0,0,0,0.187,0.0,0.373,0.187,0.187,0.0,7.282,0.187,0.0
25342,Maximilian Mittelstädt,159,Hertha Berlin,78,2016,D,12,12,7,5,461,6.719,0,4,2,0,0,1,0,123,4,0,0,14,92,49,14,6,7,5,12,5,1,0,1,0,0,0,0.0,0.195,0.781,0.39,0.781,0.0,9.566,0.976,0.195
25308,Julian Schieber,159,Hertha Berlin,78,2016,F,18,18,10,8,422,6.711,0,15,8,3,0,1,0,92,4,0,0,5,99,40,17,4,1,6,9,3,0,0,0,0,0,0,0.64,0.213,3.199,1.706,0.853,0.0,8.531,0.64,0.0
81994,Jens Hegeler,159,Hertha Berlin,78,2016,M,6,6,4,2,207,7.306,0,1,0,0,0,0,0,139,0,0,0,8,30,16,2,1,1,2,2,0,0,0,0,0,0,0,0.0,0.0,0.435,0.0,0.0,0.0,6.957,0.0,0.0
24945,Sami Allagui,159,Hertha Berlin,78,2016,F,12,12,7,5,173,6.506,0,5,2,1,0,1,0,25,1,0,0,1,39,10,16,4,3,2,5,2,0,0,0,1,0,0,0.52,0.52,2.601,1.04,0.52,0.0,5.202,1.04,0.0
25349,Ondrej Duda,159,Hertha Berlin,78,2016,M,3,3,2,1,67,6.915,0,0,0,0,0,0,0,43,1,0,0,1,13,7,1,1,0,1,2,0,0,0,0,0,0,0,0.0,0.0,0.0,0.0,1.343,0.0,9.403,0.0,0.0
25338,Florian Baak,159,Hertha Berlin,78,2016,D,2,2,2,0,12,6.3,0,0,0,0,0,0,0,2,0,0,0,0,4,0,0,0,0,0,2,0,0,0,0,0,0,0,0.0,0.0,0.0,0.0,0.0,0.0,0.0,0.0,0.0
25351,Julius Kade,159,Hertha Berlin,78,2016,M,1,1,1,0,9,6.5,0,0,0,0,0,0,0,3,1,0,0,0,3,1,0,0,0,0,0,0,0,0,0,0,0,0,0.0,0.0,0.0,0.0,10.0,0.0,10.0,0.0,0.0
7094,Sinan Kurt,159,Hertha Berlin,78,2016,F,2,2,0,2,5,,0,0,0,0,0,0,0,1,0,0,0,0,0,0,0,0,0,0,0,0,0,0,0,0,0,0,0.0,0.0,0.0,0.0,0.0,0.0,0.0,0.0,0.0
25355,Arne Maier,159,Hertha Berlin,78,2016,M,1,1,1,0,1,,0,0,0,0,0,0,0,0,0,0,0,0,0,0,0,0,0,0,0,0,0,0,0,0,0,0,0.0,0.0,0.0,0.0,0.0,0.0,0.0,0.0,0.0
1139,Péter Gulácsi,173,RB Leipzig,78,2016,G,33,33,33,0,2970,6.679,0,0,0,0,39,0,58,639,1,0,0,0,13,10,1,0,1,3,1,1,0,0,0,0,0,0,0.0,0.0,0.0,0.0,0.03,0.0,0.303,0.03,0.0
1151,Diego Demme,173,RB Leipzig,78,2016,M,32,32,32,0,2872,7.049,0,14,5,1,0,3,0,1737,30,0,0,93,487,220,45,19,69,74,79,4,0,0,1,0,0,0,0.031,0.094,0.439,0.157,0.94,0.0,6.894,0.125,0.0
1143,Marcel Halstenberg,173,RB Leipzig,78,2016,D,30,30,30,0,2659,6.906,0,28,7,0,0,1,0,797,26,0,0,81,348,214,56,28,23,26,36,4,0,0,0,0,0,0,0.0,0.034,0.948,0.237,0.88,0.0,7.243,0.135,0.0
1154,Stefan Ilsanker,173,RB Leipzig,78,2016,M,33,33,30,3,2644,7.018,0,9,3,0,0,0,0,1239,11,0,0,93,369,211,14,8,38,26,47,8,0,0,1,0,0,0,0.0,0.0,0.306,0.102,0.374,0.0,7.182,0.272,0.0
1159,Marcel Sabitzer,173,RB Leipzig,78,2016,M,32,32,32,0,2601,7.001,0,79,33,8,0,4,0,750,38,0,0,34,251,112,48,24,17,38,23,3,0,0,0,0,0,0,0.277,0.138,2.734,1.142,1.315,0.0,3.875,0.104,0.0
1148,Willi Orbán,173,RB Leipzig,78,2016,D,28,28,28,0,2518,7.207,0,23,10,3,0,1,0,1146,3,0,0,67,332,219,3,1,17,32,31,10,1,0,0,0,0,0,0.107,0.036,0.822,0.357,0.107,0.0,7.828,0.357,0.036
1166,Timo Werner,173,RB Leipzig,78,2016,F,31,31,31,0,2433,7.195,0,74,37,21,0,5,0,479,33,0,0,21,251,104,63,21,15,32,23,4,0,3,0,2,0,0,0.777,0.185,2.737,1.369,1.221,0.0,3.847,0.148,0.0
294,Naby Keïta,173,RB Leipzig,78,2016,M,31,31,30,1,2412,7.371,0,43,14,8,0,7,0,1164,40,0,0,82,484,233,130,83,31,52,70,8,0,0,0,0,0,0,0.299,0.261,1.604,0.522,1.493,0.0,8.694,0.299,0.0
1152,Emil Forsberg,173,RB Leipzig,78,2016,M,30,30,28,2,2346,7.511,0,49,21,8,0,19,0,645,96,0,0,45,352,165,122,71,14,51,26,1,1,1,0,1,1,0,0.307,0.729,1.88,0.806,3.683,0.0,6.33,0.038,0.038
90652,Marvin Compper,173,RB Leipzig,78,2016,D,25,25,25,0,2102,7.037,0,8,3,2,0,0,0,944,0,0,0,67,201,121,5,4,22,14,22,6,0,0,1,0,0,0,0.086,0.0,0.343,0.128,0.0,0.0,5.181,0.257,0.0
1167,Yussuf Poulsen,173,RB Leipzig,78,2016,F,29,29,26,3,2067,6.869,0,47,19,5,0,4,0,421,26,0,0,15,451,203,61,21,10,49,61,4,0,0,0,0,0,0,0.218,0.174,2.046,0.827,1.132,0.0,8.839,0.174,0.0
18964,Bernardo,173,RB Leipzig,78,2016,D,22,22,22,0,1894,7.023,0,14,4,0,0,1,0,618,15,0,0,65,258,153,18,6,17,16,28,3,0,0,1,0,0,0,0.0,0.048,0.665,0.19,0.713,0.0,7.27,0.143,0.0
24794,Benno Schmitz,173,RB Leipzig,78,2016,D,16,16,12,4,988,6.855,0,10,1,0,0,2,0,318,8,0,0,32,117,74,5,2,12,10,14,2,0,0,0,0,0,0,0.0,0.182,0.911,0.091,0.729,0.0,6.741,0.182,0.0
15883,Dominik Kaiser,173,RB Leipzig,78,2016,M,25,25,15,10,950,6.911,0,15,4,1,0,0,0,255,23,0,0,13,101,48,4,1,9,21,12,2,0,0,0,0,0,0,0.095,0.0,1.421,0.379,2.179,0.0,4.547,0.189,0.0
1149,Dayot Upamecano,173,RB Leipzig,78,2016,D,12,12,10,2,666,7.038,0,1,0,0,0,0,0,331,1,0,0,29,109,59,8,2,5,3,14,3,0,0,0,0,0,0,0.0,0.0,0.135,0.0,0.135,0.0,7.973,0.405,0.0
1124,Oliver Burke,173,RB Leipzig,78,2016,F,25,25,15,10,617,6.451,0,9,5,1,0,2,0,147,7,0,0,6,112,38,27,7,10,6,11,1,0,0,0,0,0,0,0.146,0.292,1.313,0.729,1.021,0.0,5.543,0.146,0.0
25362,Davie Selke,173,RB Leipzig,78,2016,F,21,21,12,9,436,6.722,0,13,5,4,0,1,0,91,6,0,0,1,131,59,20,10,2,10,19,4,0,0,0,0,0,0,0.826,0.206,2.683,1.032,1.239,0.0,12.179,0.826,0.0
25300,Rani Khedira,173,RB Leipzig,78,2016,M,10,10,5,5,157,6.75,0,2,0,0,0,0,0,79,1,0,0,10,32,19,1,1,3,2,4,0,0,0,0,0,0,0,0.0,0.0,1.146,0.0,0.573,0.0,10.892,0.0,0.0
90662,Fabio Coltorti,173,RB Leipzig,78,2016,G,1,1,1,0,90,7.1,0,0,0,0,0,0,1,25,0,0,0,0,2,2,0,0,0,0,0,0,0,0,0,0,0,0,0.0,0.0,0.0,0.0,0.0,0.0,2.0,0.0,0.0
1144,Lukas Klostermann,173,RB Leipzig,78,2016,D,1,1,1,0,90,6.4,0,1,0,0,0,0,0,14,0,0,0,2,11,3,0,0,4,0,2,0,0,0,0,0,0,0,0.0,0.0,1.0,0.0,0.0,0.0,3.0,0.0,0.0
25623,Federico Palacios,173,RB Leipzig,78,2016,F,2,2,1,1,55,6.809,0,2,1,0,0,0,0,7,1,0,0,2,12,5,1,1,1,1,1,0,0,0,0,0,0,0,0.0,0.0,3.273,1.636,1.636,0.0,8.182,0.0,0.0
24871,Kyriakos Papadopoulos,173,RB Leipzig,78,2016,D,1,1,0,1,27,7.0,0,0,0,0,0,0,0,5,0,0,0,0,9,9,0,0,0,2,0,0,0,0,0,0,0,0,0.0,0.0,0.0,0.0,0.0,0.0,30.0,0.0,0.0
8561,Massimo Bruno,173,RB Leipzig,78,2016,F,1,1,1,0,4,6.7,0,1,1,0,0,0,0,0,0,0,0,0,0,0,0,0,0,0,0,0,0,0,0,0,0,0,0.0,0.0,22.5,22.5,0.0,0.0,0.0,0.0,0.0
26234,Alexander Schwolow,160,SC Freiburg,78,2016,G,34,34,34,0,3060,6.735,0,0,0,0,60,0,103,768,2,0,0,0,16,12,0,0,4,2,0,1,0,0,0,0,0,0,0.0,0.0,0.0,0.0,0.059,0.0,0.353,0.029,0.0
26236,Christian Günter,160,SC Freiburg,78,2016,D,31,31,30,1,2696,6.493,0,15,3,0,0,2,0,704,29,0,0,36,228,104,39,17,23,23,20,5,1,0,1,0,0,0,0.0,0.067,0.501,0.1,0.968,0.0,3.472,0.167,0.033
26246,Mike Frantz,160,SC Freiburg,78,2016,M,30,30,30,0,2501,6.887,0,23,5,0,0,1,0,717,26,0,0,46,310,179,26,13,13,57,34,2,0,1,0,0,0,0,0.0,0.036,0.828,0.18,0.936,0.0,6.441,0.072,0.0
26248,Vincenzo Grifo,160,SC Freiburg,78,2016,M,30,30,27,3,2490,7.049,0,83,32,6,0,8,0,801,72,0,0,36,289,121,89,37,21,37,12,1,0,2,0,1,0,0,0.217,0.289,3.0,1.157,2.602,0.0,4.373,0.036,0.0
26257,Florian Niederlechner,160,SC Freiburg,78,2016,F,34,34,33,1,2421,6.833,0,79,34,11,0,2,0,373,17,0,0,17,458,178,115,46,13,52,52,4,0,1,0,3,0,0,0.409,0.074,2.937,1.264,0.632,0.0,6.617,0.149,0.0
26250,Nicolas Höfler,160,SC Freiburg,78,2016,M,28,28,27,1,2368,6.811,0,7,2,1,0,1,0,1142,10,0,0,67,294,154,15,9,27,31,41,7,0,0,0,0,0,0,0.038,0.038,0.266,0.076,0.38,0.0,5.853,0.266,0.0
18776,Çağlar Söyüncü,160,SC Freiburg,78,2016,D,24,24,24,0,2070,6.983,0,10,2,0,0,1,0,856,4,0,0,45,241,158,16,13,9,16,35,4,0,0,2,0,0,0,0.0,0.043,0.435,0.087,0.174,0.0,6.87,0.174,0.0
26249,Janik Haberer,160,SC Freiburg,78,2016,M,32,32,27,5,1955,6.798,0,30,5,3,0,4,0,560,35,0,0,22,410,176,61,23,29,56,34,7,0,0,0,0,0,0,0.138,0.184,1.381,0.23,1.611,0.0,8.102,0.322,0.0
24,Maximilian Philipp,160,SC Freiburg,78,2016,F,25,25,25,0,1939,6.867,0,53,21,9,0,2,0,366,26,0,0,22,355,146,82,35,18,47,42,5,0,2,0,0,1,0,0.418,0.093,2.46,0.975,1.207,0.0,6.777,0.232,0.0
26235,Manuel Gulde,160,SC Freiburg,78,2016,D,20,20,20,0,1687,6.837,0,2,0,0,0,0,0,739,1,0,0,35,134,85,2,2,2,8,13,2,0,0,0,0,0,0,0.0,0.0,0.107,0.0,0.053,0.0,4.535,0.107,0.0
26245,Amir Abrashi,160,SC Freiburg,78,2016,M,20,20,19,1,1321,6.777,0,9,3,1,0,0,0,491,7,0,0,33,194,101,10,4,9,27,35,3,0,0,0,0,0,0,0.068,0.0,0.613,0.204,0.477,0.0,6.881,0.204,0.0
26244,Pascal Stenzel,160,SC Freiburg,78,2016,D,19,19,16,3,1302,6.842,0,13,4,1,0,1,0,462,9,0,0,21,152,81,18,13,17,7,19,3,0,0,0,0,0,0,0.069,0.069,0.899,0.276,0.622,0.0,5.599,0.207,0.0
26258,Nils Petersen,160,SC Freiburg,78,2016,F,33,33,19,14,1232,6.961,0,52,27,10,0,4,0,209,16,0,0,10,342,142,32,13,11,10,12,0,0,1,0,2,1,0,0.731,0.292,3.799,1.972,1.169,0.0,10.373,0.0,0.0
26239,Lukas Kübler,160,SC Freiburg,78,2016,D,16,16,14,2,1158,6.972,0,4,1,0,0,1,0,345,6,0,0,43,130,82,6,4,7,14,14,1,0,0,0,0,0,0,0.0,0.078,0.311,0.078,0.466,0.0,6.373,0.078,0.0
26301,Marc-Oliver Kempf,160,SC Freiburg,78,2016,D,13,13,12,1,1146,6.879,0,3,1,0,0,0,0,499,4,0,0,35,114,65,6,5,2,16,15,2,0,0,0,0,0,0,0.0,0.0,0.236,0.079,0.314,0.0,5.105,0.157,0.0
25236,Aleksandar Ignjovski,160,SC Freiburg,78,2016,M,19,19,15,4,1050,6.567,0,3,0,0,0,0,0,286,3,0,0,30,152,73,22,8,23,13,20,2,0,0,1,0,0,0,0.0,0.0,0.257,0.0,0.257,0.0,6.257,0.171,0.0
26275,Onur Bulut,160,SC Freiburg,78,2016,M,21,21,18,3,999,6.655,0,9,3,0,0,1,0,197,12,0,0,15,176,78,33,12,9,21,14,3,0,0,1,0,0,0,0.0,0.09,0.811,0.27,1.081,0.0,7.027,0.27,0.0
24847,Marc Torrejón,160,SC Freiburg,78,2016,D,12,12,11,1,930,6.701,0,6,2,0,0,0,0,440,1,0,0,26,64,43,1,1,1,5,5,1,0,0,1,0,0,0,0.0,0.0,0.581,0.194,0.097,0.0,4.161,0.097,0.0
90645,Julian Schuster,160,SC Freiburg,78,2016,D,13,13,11,2,846,6.757,0,3,0,0,0,0,0,365,6,0,0,16,75,39,6,4,7,11,12,3,0,0,0,0,0,0,0.0,0.0,0.319,0.0,0.638,0.0,4.149,0.319,0.0
25193,Karim Guédé,160,SC Freiburg,78,2016,F,5,5,4,1,186,6.882,0,3,0,0,0,0,0,19,1,0,0,2,57,27,0,0,1,6,11,0,0,1,0,0,0,0,0.0,0.0,1.452,0.0,0.484,0.0,13.065,0.0,0.0
24979,Jonas Föhrenbach,160,SC Freiburg,78,2016,D,3,3,1,2,101,6.64,0,0,0,0,0,0,0,42,0,0,0,2,12,8,0,0,1,1,2,0,0,0,0,0,0,0,0.0,0.0,0.0,0.0,0.0,0.0,7.129,0.0,0.0
6851,Georg Niedermeier,160,SC Freiburg,78,2016,D,6,6,3,3,91,6.545,0,1,0,0,0,0,0,33,1,0,0,2,14,4,0,0,1,0,2,0,0,0,0,0,0,0,0.0,0.0,0.989,0.0,0.989,0.0,3.956,0.0,0.0
24965,Jonas Meffert,160,SC Freiburg,78,2016,M,1,1,1,0,58,6.8,0,0,0,0,0,0,0,23,1,0,0,3,5,3,0,0,0,0,1,0,0,0,0,0,0,0,0.0,0.0,0.0,0.0,1.552,0.0,4.655,0.0,0.0
25277,Havard Nielsen,160,SC Freiburg,78,2016,F,4,4,2,2,24,6.767,0,0,0,0,0,1,0,6,1,0,0,0,8,4,1,1,1,0,0,0,0,0,0,0,0,0,0.0,3.75,0.0,0.0,3.75,0.0,15.0,0.0,0.0
24941,Mats Møller Dæhli,160,SC Freiburg,78,2016,M,2,2,1,1,23,6.474,0,0,0,0,0,0,0,10,0,0,0,0,3,2,2,1,0,1,0,0,0,0,0,0,0,0,0.0,0.0,0.0,0.0,0.0,0.0,7.826,0.0,0.0
25045,Marcel Heller,181,SV Darmstadt 98,78,2016,M,32,32,31,1,2721,6.442,0,42,13,3,0,3,0,361,31,0,0,35,290,99,73,22,36,26,27,2,0,1,0,0,0,0,0.099,0.099,1.389,0.43,1.025,0.0,3.275,0.066,0.0
26247,Jérôme Gondorf,181,SV Darmstadt 98,78,2016,M,29,29,29,0,2552,6.955,0,31,10,3,0,4,0,592,37,0,0,74,486,240,43,15,55,83,44,7,0,2,0,1,0,0,0.106,0.141,1.093,0.353,1.305,0.0,8.464,0.247,0.0
25363,Michael Esser,181,SV Darmstadt 98,78,2016,G,28,28,28,0,2485,6.744,0,1,0,0,51,0,97,535,1,0,0,0,18,14,0,0,2,6,0,3,0,0,0,0,0,3,0.0,0.0,0.036,0.0,0.036,0.0,0.507,0.109,0.0
62943,Aytaç Sulu,181,SV Darmstadt 98,78,2016,D,27,27,27,0,2430,6.848,0,25,7,2,0,0,0,567,3,0,0,74,219,127,2,1,7,41,27,7,0,0,4,0,0,0,0.074,0.0,0.926,0.259,0.111,0.0,4.704,0.259,0.0
25040,Fabian Holland,181,SV Darmstadt 98,78,2016,D,26,26,26,0,2259,6.799,0,2,0,0,0,0,0,494,11,0,0,62,215,138,9,4,19,33,33,2,0,0,0,0,0,0,0.0,0.0,0.08,0.0,0.438,0.0,5.498,0.08,0.0
25042,Sandro Sirigu,181,SV Darmstadt 98,78,2016,D,30,30,24,6,1808,6.559,0,19,6,2,0,1,0,333,15,0,0,38,249,129,48,16,21,23,32,6,1,0,0,0,0,0,0.1,0.05,0.946,0.299,0.747,0.0,6.421,0.299,0.05
19292,Alexander Milošević,181,SV Darmstadt 98,78,2016,D,18,18,18,0,1598,6.765,0,10,1,0,0,0,0,389,2,0,0,35,102,58,2,2,2,5,16,4,0,0,2,0,0,0,0.0,0.0,0.563,0.056,0.113,0.0,3.267,0.225,0.0
19082,Mario Vrančić,181,SV Darmstadt 98,78,2016,M,23,23,20,3,1540,7.168,0,30,7,4,0,2,0,441,53,0,0,31,216,112,20,13,17,23,33,3,1,0,0,1,0,0,0.234,0.117,1.753,0.409,3.097,0.0,6.545,0.175,0.058
90660,Hamit Altintop,181,SV Darmstadt 98,78,2016,M,16,16,16,0,1361,7.192,0,20,8,0,0,0,0,624,11,0,0,43,168,94,32,22,28,15,16,3,0,0,1,0,1,0,0.0,0.0,1.323,0.529,0.727,0.0,6.216,0.198,0.0
14293,Antonio Čolak,181,SV Darmstadt 98,78,2016,F,22,22,17,5,1271,6.706,0,32,13,4,0,1,0,159,7,0,0,5,251,99,27,5,6,27,31,2,1,2,0,1,1,0,0.283,0.071,2.266,0.921,0.496,0.0,7.01,0.142,0.071
51170,Florian Jungwirth,181,SV Darmstadt 98,78,2016,D,16,16,14,2,1143,7.088,0,10,2,0,0,0,0,224,5,0,0,54,171,104,2,0,19,14,21,2,0,0,0,0,0,0,0.0,0.0,0.787,0.157,0.394,0.0,8.189,0.157,0.0
63532,Artem Fedetsky,181,SV Darmstadt 98,78,2016,D,16,16,13,3,1113,6.649,0,4,0,0,0,0,0,191,4,0,0,19,102,59,8,4,7,8,20,4,0,0,1,0,0,0,0.0,0.0,0.323,0.0,0.323,0.0,4.771,0.323,0.0
90671,Peter Niemeyer,181,SV Darmstadt 98,78,2016,D,15,15,13,2,1111,6.881,0,4,2,0,0,0,0,235,1,0,0,36,131,80,1,1,8,18,17,8,1,0,0,0,0,0,0.0,0.0,0.324,0.162,0.081,0.0,6.481,0.648,0.081
25029,Sven Schipplock,181,SV Darmstadt 98,78,2016,F,23,23,18,5,1104,6.659,0,16,5,2,0,0,0,142,10,0,0,11,204,95,11,6,9,18,36,3,0,1,0,0,0,0,0.163,0.0,1.304,0.408,0.815,0.0,7.745,0.245,0.0
37169,Leon Guwara,181,SV Darmstadt 98,78,2016,D,17,17,14,3,1097,6.671,0,2,0,0,0,0,0,216,10,0,0,41,145,70,22,11,12,13,13,3,1,0,0,0,0,0,0.0,0.0,0.164,0.0,0.82,0.0,5.743,0.246,0.082
25039,Immanuel Höhn,181,SV Darmstadt 98,78,2016,D,12,12,12,0,1069,6.712,0,2,0,0,0,0,0,235,4,0,0,27,76,36,1,1,11,5,12,3,0,0,0,0,0,0,0.0,0.0,0.168,0.0,0.337,0.0,3.031,0.253,0.0
25077,Sidney Sam,181,SV Darmstadt 98,78,2016,M,13,13,13,0,885,6.3,0,13,5,2,0,1,0,206,6,0,0,14,178,68,69,28,8,20,18,1,0,0,0,2,0,0,0.203,0.102,1.322,0.508,0.61,0.0,6.915,0.102,0.0
90658,Jan Rosenthal,181,SV Darmstadt 98,78,2016,M,19,19,13,6,837,6.512,0,16,2,0,0,0,0,188,7,0,0,11,176,71,19,8,7,11,17,3,0,0,0,0,0,0,0.0,0.0,1.72,0.215,0.753,0.0,7.634,0.323,0.0
15427,Patrick Banggaard,181,SV Darmstadt 98,78,2016,D,9,9,9,0,810,6.722,0,5,1,0,0,0,0,261,1,0,0,12,66,41,0,0,5,2,12,4,0,0,0,0,0,0,0.0,0.0,0.556,0.111,0.111,0.0,4.556,0.444,0.0
14310,László Kleinheisler,181,SV Darmstadt 98,78,2016,M,12,12,11,1,780,6.591,0,14,2,1,0,1,0,132,3,0,0,5,117,39,13,4,7,14,21,0,0,0,0,0,0,0,0.115,0.115,1.615,0.231,0.346,0.0,4.5,0.0,0.0
15300,Roman Bezjak,181,SV Darmstadt 98,78,2016,F,11,11,10,1,589,6.662,0,9,2,0,0,0,0,66,6,0,0,13,82,37,4,3,7,9,17,0,0,0,0,0,0,0,0.0,0.0,1.375,0.306,0.917,0.0,5.654,0.0,0.0
28430,Anis Ben-Hatira,181,SV Darmstadt 98,78,2016,M,11,11,11,0,588,6.176,0,10,1,1,0,0,0,84,5,0,0,7,98,29,29,5,8,13,11,3,0,0,0,0,0,0,0.153,0.0,1.531,0.153,0.765,0.0,4.439,0.459,0.0
25033,Daniel Fernandes,181,SV Darmstadt 98,78,2016,G,7,7,6,1,575,6.929,0,0,0,0,14,0,29,186,0,0,0,1,3,2,0,0,1,0,0,0,0,0,0,0,0,0,0.0,0.0,0.0,0.0,0.0,0.0,0.313,0.0,0.0
25046,Wilson Kamavuaka,181,SV Darmstadt 98,78,2016,M,8,8,8,0,506,6.442,0,2,0,0,0,0,0,109,2,0,0,12,76,35,5,1,9,6,8,2,0,0,0,0,0,0,0.0,0.0,0.356,0.0,0.356,0.0,6.225,0.356,0.0
25055,Felix Platte,181,SV Darmstadt 98,78,2016,F,9,9,7,2,468,6.914,0,12,4,2,0,1,0,65,3,0,0,3,112,56,15,8,3,7,12,1,0,0,0,0,0,0,0.385,0.192,2.308,0.769,0.577,0.0,10.769,0.192,0.0
50821,Terrence Boyd,181,SV Darmstadt 98,78,2016,F,7,7,6,1,379,6.494,0,5,3,1,0,0,0,74,2,0,0,1,78,24,8,2,2,2,14,1,0,0,0,0,0,0,0.237,0.0,1.187,0.712,0.475,0.0,5.699,0.237,0.0
90659,Markus Steinhofer,181,SV Darmstadt 98,78,2016,D,7,7,4,3,319,6.97,0,3,1,0,0,1,0,92,6,0,0,10,43,25,7,5,7,1,5,0,0,0,0,0,0,0,0.0,0.282,0.846,0.282,1.693,0.0,7.053,0.0,0.0
55354,Denys Oliynyk,181,SV Darmstadt 98,78,2016,M,4,4,3,1,46,6.628,0,1,1,1,0,0,0,16,1,0,0,0,10,4,2,2,2,0,0,0,0,0,0,0,0,0,1.957,0.0,1.957,1.957,1.957,0.0,7.826,0.0,0.0
26112,Dominik Stroh-Engel,181,SV Darmstadt 98,78,2016,F,4,4,2,2,42,6.64,0,0,0,0,0,0,0,8,1,0,0,0,15,6,0,0,0,1,0,0,0,0,0,0,0,0,0.0,0.0,0.0,0.0,2.143,0.0,12.857,0.0,0.0
90675,Victor Obinna,181,SV Darmstadt 98,78,2016,F,2,2,1,1,37,6.9,0,1,0,0,0,0,0,17,2,0,0,2,9,4,3,3,1,0,2,0,0,0,0,0,0,0,0.0,0.0,2.432,0.0,4.865,0.0,9.73,0.0,0.0
90661,Benjamin Gorka,181,SV Darmstadt 98,78,2016,D,1,1,0,1,6,6.6,0,0,0,0,0,0,0,2,0,0,0,0,4,3,0,0,0,0,0,0,0,0,0,0,0,0,0.0,0.0,0.0,0.0,0.0,0.0,45.0,0.0,0.0
106780,Silas Zehnder,181,SV Darmstadt 98,78,2016,F,1,1,1,0,1,,0,0,0,0,0,0,0,1,0,0,0,0,2,0,0,0,0,0,0,0,0,0,0,0,0,0,0.0,0.0,0.0,0.0,0.0,0.0,0.0,0.0,0.0
26314,Mario Gómez,161,VfL Wolfsburg,78,2016,F,33,33,32,1,2854,7.122,0,84,38,16,0,1,0,426,38,0,0,13,412,196,53,23,8,29,43,4,0,0,0,2,0,0,0.505,0.032,2.649,1.198,1.198,0.0,6.181,0.126,0.0
25408,Maximilian Arnold,161,VfL Wolfsburg,78,2016,M,32,32,30,2,2421,7.005,0,48,15,2,0,3,0,990,33,0,0,47,332,169,34,19,29,88,53,9,0,0,0,0,0,0,0.074,0.112,1.784,0.558,1.227,0.0,6.283,0.335,0.0
1909,Luiz Gustavo,161,VfL Wolfsburg,78,2016,M,27,27,26,1,2344,7.136,0,18,5,0,0,0,0,1072,4,0,0,88,284,153,17,10,17,40,50,8,1,0,0,0,0,0,0.0,0.0,0.691,0.192,0.154,0.0,5.875,0.307,0.038
25400,Yannick Gerhardt,161,VfL Wolfsburg,78,2016,M,27,27,25,2,2214,6.809,0,15,6,0,0,2,0,811,21,0,0,33,257,143,39,18,17,26,32,5,0,0,0,0,0,0,0.0,0.081,0.61,0.244,0.854,0.0,5.813,0.203,0.0
1631,Ricardo Rodríguez,161,VfL Wolfsburg,78,2016,D,24,24,24,0,2019,7.069,0,22,7,2,0,3,0,1015,28,0,0,36,138,73,2,1,5,11,24,1,0,0,1,1,0,0,0.089,0.134,0.981,0.312,1.248,0.0,3.254,0.045,0.0
25403,Robin Knoche,161,VfL Wolfsburg,78,2016,D,23,23,23,0,1871,7.043,0,11,3,1,0,1,0,1101,5,0,0,57,193,107,5,3,12,14,26,2,0,0,0,0,0,0,0.048,0.048,0.529,0.144,0.241,0.0,5.147,0.096,0.0
2918,Koen Casteels,161,VfL Wolfsburg,78,2016,G,20,20,20,0,1800,6.765,0,0,0,0,30,0,64,446,0,0,0,0,13,10,1,1,1,3,2,3,0,0,0,0,0,0,0.0,0.0,0.0,0.0,0.0,0.0,0.5,0.15,0.0
400,Jeffrey Bruma,161,VfL Wolfsburg,78,2016,D,20,20,20,0,1718,6.989,0,11,3,1,0,0,0,795,5,0,0,36,161,84,6,3,4,7,36,6,1,0,0,0,0,0,0.052,0.0,0.576,0.157,0.262,0.0,4.4,0.314,0.052
3006,Jakub Błaszczykowski,161,VfL Wolfsburg,78,2016,M,28,28,24,4,1689,6.939,0,11,3,0,0,1,0,576,19,0,0,56,215,115,35,12,22,34,24,2,0,2,0,0,0,0,0.0,0.053,0.586,0.16,1.012,0.0,6.128,0.107,0.0
25410,Josuha Guilavogui,161,VfL Wolfsburg,78,2016,M,19,19,18,1,1541,7.104,0,7,0,0,0,0,0,696,11,0,0,85,216,118,16,11,16,21,44,6,0,0,1,0,0,0,0.0,0.0,0.409,0.0,0.642,0.0,6.892,0.35,0.0
25161,Paul Seguin,161,VfL Wolfsburg,78,2016,D,22,22,19,3,1324,6.78,0,10,1,1,0,1,0,573,13,0,0,25,171,74,22,10,15,15,34,5,1,0,0,0,0,0,0.068,0.068,0.68,0.068,0.884,0.0,5.03,0.34,0.068
90,Diego Benaglio,161,VfL Wolfsburg,78,2016,G,14,14,14,0,1260,6.714,0,0,0,0,22,0,47,192,0,0,0,0,5,3,0,0,0,1,1,1,0,0,0,0,0,0,0.0,0.0,0.0,0.0,0.0,0.0,0.214,0.071,0.0
2378,Vieirinha,161,VfL Wolfsburg,78,2016,M,21,21,18,3,1218,6.965,0,21,6,0,0,0,0,391,20,0,0,50,147,90,19,9,7,27,16,3,0,0,0,0,0,0,0.0,0.0,1.552,0.443,1.478,0.0,6.65,0.222,0.0
25412,Yunus Malli,161,VfL Wolfsburg,78,2016,M,16,16,14,2,1176,6.772,0,29,8,1,0,1,0,324,20,0,0,9,158,74,49,22,5,24,10,1,0,0,0,0,0,0,0.077,0.077,2.219,0.612,1.531,0.0,5.663,0.077,0.0
410,Daniel Caligiuri,161,VfL Wolfsburg,78,2016,M,16,16,15,1,1112,6.724,0,21,7,2,0,1,0,329,10,0,0,31,194,86,49,14,11,22,23,2,0,0,1,0,0,0,0.162,0.081,1.7,0.567,0.809,0.0,6.96,0.162,0.0
267,Julian Draxler,161,VfL Wolfsburg,78,2016,M,13,13,12,1,1054,7.048,0,29,15,0,0,2,0,355,27,0,0,9,135,62,49,27,2,11,17,0,0,0,0,0,0,0,0.0,0.171,2.476,1.281,2.306,0.0,5.294,0.0,0.0
26307,Daniel Didavi,161,VfL Wolfsburg,78,2016,M,18,18,14,4,989,6.657,0,29,9,4,0,2,0,285,16,0,0,11,133,57,25,8,7,28,24,0,0,1,0,0,0,0,0.364,0.182,2.639,0.819,1.456,0.0,5.187,0.0,0.0
24791,Jannes Horn,161,VfL Wolfsburg,78,2016,D,13,13,13,0,974,6.691,0,2,0,0,0,1,0,313,10,0,0,26,78,45,10,6,1,12,5,2,0,0,0,0,0,0,0.0,0.092,0.185,0.0,0.924,0.0,4.158,0.185,0.0
37175,Riechedly Bazoer,161,VfL Wolfsburg,78,2016,M,12,12,12,0,973,6.682,0,19,4,0,0,1,0,338,6,0,0,13,91,34,9,2,10,11,21,5,0,0,0,0,0,0,0.0,0.092,1.757,0.37,0.555,0.0,3.145,0.462,0.0
25222,Christian Träsch,161,VfL Wolfsburg,78,2016,M,11,11,9,2,696,7.056,0,6,0,0,0,1,0,290,15,0,0,26,85,53,15,11,9,11,3,0,0,0,0,0,0,0,0.0,0.129,0.776,0.0,1.94,0.0,6.853,0.0,0.0
87328,Philipp Wollscheid,161,VfL Wolfsburg,78,2016,D,7,7,7,0,541,7.3,0,6,2,0,0,0,0,333,3,0,0,15,64,53,0,0,1,4,3,0,0,0,0,0,0,0,0.0,0.0,0.998,0.333,0.499,0.0,8.817,0.0,0.0
71567,Paul-Georges Ntep,161,VfL Wolfsburg,78,2016,M,10,10,7,3,503,6.53,0,11,2,0,0,2,0,115,6,0,0,5,84,32,29,9,6,13,8,0,0,0,0,0,0,0,0.0,0.358,1.968,0.358,1.074,0.0,5.726,0.0,0.0
47472,Borja Mayoral,161,VfL Wolfsburg,78,2016,F,19,19,11,8,375,6.81,0,12,4,2,0,0,0,122,6,0,0,1,53,24,17,9,3,9,4,1,0,0,0,0,0,0,0.48,0.0,2.88,0.96,1.44,0.0,5.76,0.24,0.0
25402,Sebastian Jung,161,VfL Wolfsburg,78,2016,D,4,4,4,0,295,6.843,0,0,0,0,0,1,0,92,4,0,0,7,27,16,2,0,5,4,1,0,0,0,0,0,0,0,0.0,0.305,0.0,0.0,1.22,0.0,4.881,0.0,0.0
10180,Bruno Henrique,161,VfL Wolfsburg,78,2016,M,7,7,4,3,177,6.635,0,4,3,0,0,0,0,37,5,0,0,1,48,26,6,2,0,11,4,0,0,0,0,0,0,0,0.0,0.0,2.034,1.525,2.542,0.0,13.22,0.0,0.0
102802,Marcel Schafer,161,VfL Wolfsburg,78,2016,D,4,4,4,0,108,6.696,0,1,0,0,0,0,0,44,2,0,0,1,10,8,2,2,0,1,1,1,0,0,0,0,0,0,0.0,0.0,0.833,0.0,1.667,0.0,6.667,0.833,0.0
26400,Hendrik Hansen,161,VfL Wolfsburg,78,2016,D,1,1,0,1,83,6.3,0,0,0,0,0,0,0,26,0,0,0,1,10,5,0,0,1,1,2,0,0,0,0,0,0,0,0.0,0.0,0.0,0.0,0.0,0.0,5.422,0.0,0.0
1497,Bas Dost,161,VfL Wolfsburg,78,2016,F,1,1,1,0,81,6.7,0,0,0,0,0,1,0,14,1,0,0,0,12,4,0,0,0,0,0,0,0,0,0,0,0,0,0.0,1.111,0.0,0.0,1.111,0.0,4.444,0.0,0.0
2762,Josip Brekalo,161,VfL Wolfsburg,78,2016,M,4,4,0,4,76,6.589,0,4,1,0,0,0,0,29,1,0,0,1,22,8,12,4,1,2,3,1,0,0,0,0,0,0,0.0,0.0,4.737,1.184,1.184,0.0,9.474,1.184,0.0
26103,Justin Möbius,161,VfL Wolfsburg,78,2016,M,2,2,2,0,47,6.315,0,0,0,0,0,0,0,4,0,0,0,1,8,3,1,1,0,1,0,0,0,0,0,0,0,0,0.0,0.0,0.0,0.0,0.0,0.0,5.745,0.0,0.0
2780,Victor Osimhen,161,VfL Wolfsburg,78,2016,F,2,2,1,1,45,6.438,0,1,0,0,0,0,0,12,1,0,0,2,12,4,6,2,1,0,1,1,0,0,0,0,0,0,0.0,0.0,2.0,0.0,2.0,0.0,8.0,2.0,0.0
25317,Niklas Moisander,162,Werder Bremen,78,2016,D,30,30,30,0,2655,6.895,0,9,2,0,0,1,0,1008,8,0,0,70,213,124,20,16,10,21,35,5,0,0,2,0,0,0,0.0,0.034,0.305,0.068,0.271,0.0,4.203,0.169,0.0
1091,Zlatko Junuzović,162,Werder Bremen,78,2016,M,30,30,29,1,2496,7.07,0,43,14,4,0,8,0,803,51,0,0,68,288,127,38,11,47,59,46,5,0,1,0,0,0,0,0.144,0.288,1.55,0.505,1.839,0.0,4.579,0.18,0.0
50927,Lamine Sané,162,Werder Bremen,78,2016,D,27,27,27,0,2364,6.949,0,6,1,1,0,1,0,861,2,0,0,74,202,125,6,4,11,19,27,3,0,0,0,0,0,0,0.038,0.038,0.228,0.038,0.076,0.0,4.759,0.114,0.0
25315,Theodor Gebre Selassie,162,Werder Bremen,78,2016,D,30,30,27,3,2340,6.8,0,27,13,5,0,2,0,599,16,0,0,61,334,192,20,8,25,42,29,4,0,0,1,0,0,0,0.192,0.077,1.038,0.5,0.615,0.0,7.385,0.154,0.0
25319,Fin Bartels,162,Werder Bremen,78,2016,F,31,31,26,5,2221,6.909,0,42,21,8,0,7,0,551,41,0,0,26,345,144,115,46,21,45,30,4,0,2,0,0,0,0,0.324,0.284,1.702,0.851,1.661,0.0,5.835,0.162,0.0
25255,Felix Wiedwald,162,Werder Bremen,78,2016,G,25,25,24,1,2208,6.753,0,0,0,0,50,0,96,365,0,0,0,1,9,7,0,0,2,4,0,2,0,0,0,0,0,0,0.0,0.0,0.0,0.0,0.0,0.0,0.285,0.082,0.0
25601,Robert Bauer,162,Werder Bremen,78,2016,D,27,27,25,2,2124,6.987,0,12,2,1,0,3,0,545,14,0,0,65,260,141,30,13,21,36,36,5,0,0,0,0,0,0,0.042,0.127,0.508,0.085,0.593,0.0,5.975,0.212,0.0
25329,Max Kruse,162,Werder Bremen,78,2016,F,23,23,23,0,2046,7.473,0,41,24,15,0,7,0,721,50,0,0,13,231,95,45,17,16,25,18,1,0,0,0,4,0,0,0.66,0.308,1.804,1.056,2.199,0.0,4.179,0.044,0.0
510,Serge Gnabry,162,Werder Bremen,78,2016,M,27,27,26,1,1970,6.954,0,62,21,11,0,1,0,461,31,0,0,29,272,119,103,43,26,28,25,1,0,2,1,1,0,0,0.503,0.046,2.832,0.959,1.416,0.0,5.437,0.046,0.0
2821,Miloš Veljković,162,Werder Bremen,78,2016,D,26,26,23,3,1809,6.638,0,3,0,0,0,0,0,688,6,0,0,29,147,72,3,2,21,9,23,5,0,0,0,0,0,0,0.0,0.0,0.149,0.0,0.299,0.0,3.582,0.249,0.0
719,Florian Grillitsch,162,Werder Bremen,78,2016,M,23,23,22,1,1718,6.771,0,18,7,2,0,0,0,710,5,0,0,51,245,123,27,11,33,30,31,4,0,0,0,0,0,0,0.105,0.0,0.943,0.367,0.262,0.0,6.444,0.21,0.0
35706,Santiago García,162,Werder Bremen,78,2016,D,19,19,18,1,1444,6.748,0,12,5,1,0,2,0,444,8,0,0,57,230,135,24,6,12,38,19,5,0,0,1,0,0,0,0.062,0.125,0.748,0.312,0.499,0.0,8.414,0.312,0.0
90672,Clemens Fritz,162,Werder Bremen,78,2016,M,18,18,18,0,1297,6.942,0,6,0,0,0,3,0,388,9,0,0,23,208,125,28,19,18,45,29,5,0,0,0,0,0,0,0.0,0.208,0.416,0.0,0.625,0.0,8.674,0.347,0.0
15,Thomas Delaney,162,Werder Bremen,78,2016,M,13,13,12,1,919,7.189,0,14,8,4,0,1,0,347,6,0,0,29,161,85,5,0,13,16,27,3,0,0,0,0,0,0,0.392,0.098,1.371,0.783,0.588,0.0,8.324,0.294,0.0
2917,Maximilian Eggestein,162,Werder Bremen,78,2016,M,15,15,11,4,889,6.784,0,2,1,1,0,0,0,345,9,0,0,31,116,64,7,2,7,12,7,2,0,0,2,0,0,0,0.101,0.0,0.202,0.101,0.911,0.0,6.479,0.202,0.0
25331,Claudio Pizarro,162,Werder Bremen,78,2016,F,19,19,18,1,853,6.726,0,21,9,1,0,1,0,187,12,0,0,11,164,58,29,7,10,16,18,1,0,1,0,0,0,0,0.106,0.106,2.216,0.95,1.266,0.0,6.12,0.106,0.0
25444,Jaroslav Drobný,162,Werder Bremen,78,2016,G,10,10,10,0,849,6.522,0,0,0,0,16,0,31,136,0,0,0,0,6,3,0,0,1,1,2,0,1,0,0,0,0,0,0.0,0.0,0.0,0.0,0.0,0.0,0.318,0.0,0.106
1327,Izet Hajrović,162,Werder Bremen,78,2016,M,10,10,8,2,491,6.787,0,12,6,1,0,0,0,88,11,0,0,4,75,25,28,11,3,5,12,1,0,0,0,0,0,0,0.183,0.0,2.2,1.1,2.016,0.0,4.582,0.183,0.0
87971,Ousman Manneh,162,Werder Bremen,78,2016,F,6,6,6,0,488,6.641,0,19,9,1,0,1,0,46,3,0,0,2,113,39,10,1,0,16,17,2,0,0,1,0,0,0,0.184,0.184,3.504,1.66,0.553,0.0,7.193,0.369,0.0
25318,Philipp Bargfrede,162,Werder Bremen,78,2016,M,11,11,7,4,451,6.828,0,2,1,1,0,1,0,170,3,0,0,24,60,28,4,3,5,8,10,3,0,0,1,0,0,0,0.2,0.2,0.399,0.2,0.599,0.0,5.588,0.599,0.0
30615,Luca Caldirola,162,Werder Bremen,78,2016,D,5,5,5,0,412,6.56,0,2,0,0,0,0,0,90,0,0,0,5,37,24,0,0,6,9,2,1,0,0,0,0,0,0,0.0,0.0,0.437,0.0,0.0,0.0,5.243,0.218,0.0
943,Ulisses Garcia,162,Werder Bremen,78,2016,D,7,7,5,2,350,6.359,0,2,1,0,0,1,0,124,3,0,0,12,51,24,12,5,4,7,7,1,0,0,0,0,0,0,0.0,0.257,0.514,0.257,0.771,0.0,6.171,0.257,0.0
24803,Florian Kainz,162,Werder Bremen,78,2016,F,14,14,7,7,300,6.849,0,2,2,2,0,3,0,114,4,0,0,8,50,27,18,7,1,9,6,0,0,0,0,0,0,0,0.6,0.9,0.6,0.6,1.2,0.0,8.1,0.0,0.0
25328,Arón Johannssón,162,Werder Bremen,78,2016,F,9,9,6,3,268,6.588,0,11,5,1,0,1,0,50,4,0,0,2,47,14,14,5,0,1,6,1,1,0,0,1,0,0,0.336,0.336,3.694,1.679,1.343,0.0,4.701,0.336,0.336
8462,Sambou Yatabare,162,Werder Bremen,78,2016,M,2,2,2,0,176,5.653,0,2,0,0,0,0,0,29,0,0,0,4,32,13,4,2,2,1,7,0,0,0,0,0,0,0,0.0,0.0,1.023,0.0,0.0,0.0,6.648,0.0,0.0
78356,Thanos Petsos,162,Werder Bremen,78,2016,M,3,3,2,1,143,6.869,0,1,0,0,0,0,0,99,0,0,0,1,25,17,1,1,0,2,4,2,0,0,0,0,0,0,0.0,0.0,0.629,0.0,0.0,0.0,10.699,1.259,0.0
49994,Fallou Diagne,162,Werder Bremen,78,2016,D,2,2,2,0,135,6.267,0,0,0,0,0,0,0,44,2,0,0,3,6,5,2,2,0,1,0,0,0,0,0,0,0,0,0.0,0.0,0.0,0.0,1.333,0.0,3.333,0.0,0.0
36936,Lennart Thy,162,Werder Bremen,78,2016,F,6,6,1,5,84,6.745,0,5,1,1,0,0,0,18,0,0,0,1,24,9,3,1,0,2,0,0,0,0,0,0,0,0,1.071,0.0,5.357,1.071,0.0,0.0,9.643,0.0,0.0
25812,Janek Sternberg,162,Werder Bremen,78,2016,D,2,2,2,0,71,6.334,0,1,1,0,0,0,0,17,0,0,0,2,6,3,0,0,0,1,1,1,0,0,0,0,0,0,0.0,0.0,1.268,1.268,0.0,0.0,3.803,1.268,0.0
25533,Niklas Schmidt,162,Werder Bremen,78,2016,M,1,1,0,1,14,7.0,0,0,0,0,0,1,0,3,1,0,0,1,5,2,0,0,1,0,0,0,0,0,0,0,0,0,0.0,6.429,0.0,0.0,6.429,0.0,12.857,0.0,0.0
25270,Lukas Fröde,162,Werder Bremen,78,2016,M,3,3,1,2,13,6.1,0,0,0,0,0,0,0,1,0,0,0,0,3,0,0,0,0,0,1,0,0,0,0,0,0,0,0.0,0.0,0.0,0.0,0.0,0.0,0.0,0.0,0.0
